_t,Name,State
County,Autauga County,Alabama 
County,Baldwin County,Alabama 
County,Barbour County,Alabama 
County,Bibb County,Alabama 
County,Blount County,Alabama 
County,Bullock County,Alabama 
County,Butler County,Alabama 
County,Calhoun County,Alabama 
County,Chambers County,Alabama 
County,Cherokee County,Alabama 
County,Chilton County,Alabama 
County,Choctaw County,Alabama 
County,Clarke County,Alabama 
County,Clay County,Alabama 
County,Cleburne County,Alabama 
County,Coffee County,Alabama 
County,Colbert County,Alabama 
County,Conecuh County,Alabama 
County,Coosa County,Alabama 
County,Covington County,Alabama 
County,Crenshaw County,Alabama 
County,Cullman County,Alabama 
County,Dale County,Alabama 
County,Dallas County,Alabama 
County,DeKalb County,Alabama 
County,Elmore County,Alabama 
County,Escambia County,Alabama 
County,Etowah County,Alabama 
County,Fayette County,Alabama 
County,Franklin County,Alabama 
County,Geneva County,Alabama 
County,Greene County,Alabama 
County,Hale County,Alabama 
County,Henry County,Alabama 
County,Houston County,Alabama 
County,Jackson County,Alabama 
County,Jefferson County,Alabama 
County,Lamar County,Alabama 
County,Lauderdale County,Alabama 
County,Lawrence County,Alabama 
County,Lee County,Alabama 
County,Limestone County,Alabama
County,Lowndes County,Alabama 
County,Macon County,Alabama 
County,Madison County,Alabama 
County,Marengo County,Alabama 
County,Marion County,Alabama 
County,Marshall County,Alabama 
County,Mobile County,Alabama 
County,Monroe County,Alabama 
County,Montgomery County,Alabama 
County,Morgan County,Alabama 
County,Perry County,Alabama 
County,Pickens County,Alabama 
County,Pike County,Alabama 
County,Randolph County,Alabama 
County,Russell County,Alabama 
County,Shelby County,Alabama 
County,St. Clair County,Alabama 
County,Sumter County,Alabama 
County,Talladega County,Alabama 
County,Tallapoosa County,Alabama 
County,Tuscaloosa County,Alabama 
County,Walker County,Alabama 
County,Washington County,Alabama 
County,Wilcox County,Alabama 
County,Winston County,Alabama 
County,Aleutians East Borough,Alaska 
County,Aleutians West Census Area,Alaska 
County,Bethel Census Area,Alaska 
County,Bristol Bay Borough,Alaska 
County,Denali Borough,Alaska 
County,Dillingham Census Area,Alaska 
County,Fairbanks North Star Borough,Alaska 
County,Haines Borough,Alaska 
County,Juneau City and Borough,Alaska 
County,Kenai Peninsula Borough,Alaska 
County,Ketchikan Gateway Borough,Alaska 
County,Kodiak Island Borough,Alaska 
County,Lake and Peninsula Borough,Alaska 
County,Matanuska-Susitna Borough,Alaska 
County,Nome Census Area,Alaska 
County,North Slope Borough,Alaska 
County,Northwest Arctic Borough,Alaska 
County,Prince of Wales-Outer Ketchikan Census Area,Alaska 
County,Sitka City and Borough,Alaska 
County,Skagway-Hoonah-Angoon Census Area,Alaska 
County,Southeast Fairbanks Census Area,Alaska 
County,Valdez-Cordova Census Area,Alaska 
County,Wade Hampton Census Area,Alaska 
County,Wrangell-Petersburg Census Area,Alaska 
County,Yakutat City and Borough,Alaska 
County,Yukon-Koyukuk Census Area,Alaska 
County,Municipality of Anchorage,Alaska 
County,Apache County,Arizona 
County,Cochise County,Arizona 
County,Coconino County,Arizona 
County,Gila County,Arizona 
County,Graham County,Arizona 
County,Greenlee County,Arizona 
County,La Paz County,Arizona 
County,Maricopa County,Arizona 
County,Mohave County,Arizona 
County,Navajo County,Arizona 
County,Pima County,Arizona 
County,Pinal County,Arizona 
County,Santa Cruz County,Arizona 
County,Yavapai County,Arizona 
County,Yuma County,Arizona 
County,Arkansas County,Arkansas 
County,Ashley County,Arkansas 
County,Baxter County,Arkansas 
County,Benton County,Arkansas 
County,Boone County,Arkansas 
County,Bradley County,Arkansas 
County,Calhoun County,Arkansas 
County,Carroll County,Arkansas 
County,Chicot County,Arkansas 
County,Clark County,Arkansas 
County,Clay County,Arkansas 
County,Cleburne County,Arkansas 
County,Cleveland County,Arkansas 
County,Columbia County,Arkansas 
County,Conway County,Arkansas 
County,Craighead County,Arkansas 
County,Crawford County,Arkansas 
County,Crittenden County,Arkansas 
County,Cross County,Arkansas 
County,Dallas County,Arkansas 
County,Desha County,Arkansas 
County,Drew County,Arkansas 
County,Faulkner County,Arkansas 
County,Franklin County,Arkansas 
County,Fulton County,Arkansas 
County,Garland County,Arkansas 
County,Grant County,Arkansas 
County,Greene County,Arkansas 
County,Hempstead County,Arkansas 
County,Hot Spring County,Arkansas 
County,Howard County,Arkansas 
County,Independence County,Arkansas 
County,Izard County,Arkansas 
County,Jackson County,Arkansas 
County,Jefferson County,Arkansas 
County,Johnson County,Arkansas 
County,Lafayette County,Arkansas 
County,Lawrence County,Arkansas 
County,Lee County,Arkansas 
County,Lincoln County,Arkansas 
County,Little River County,Arkansas 
County,Logan County,Arkansas 
County,Lonoke County,Arkansas 
County,Madison County,Arkansas 
County,Marion County,Arkansas 
County,Miller County,Arkansas 
County,Mississippi County,Arkansas 
County,Monroe County,Arkansas 
County,Montgomery County,Arkansas 
County,Nevada County,Arkansas 
County,Newton County,Arkansas 
County,Ouachita County,Arkansas 
County,Perry County,Arkansas 
County,Phillips County,Arkansas 
County,Pike County,Arkansas 
County,Poinsett County,Arkansas 
County,Polk County,Arkansas 
County,Pope County,Arkansas 
County,Prairie County,Arkansas 
County,Pulaski County,Arkansas 
County,Randolph County,Arkansas 
County,Saline County,Arkansas 
County,Scott County,Arkansas 
County,Searcy County,Arkansas 
County,Sebastian County,Arkansas 
County,Sevier County,Arkansas 
County,Sharp County,Arkansas 
County,St. Francis County,Arkansas 
County,Stone County,Arkansas 
County,Union County,Arkansas 
County,Van Buren County,Arkansas 
County,Washington County,Arkansas 
County,White County,Arkansas 
County,Woodruff County,Arkansas 
County,Yell County,Arkansas 
County,Alameda County,California 
County,Alpine County,California 
County,Amador County,California 
County,Butte County,California 
County,Calaveras County,California 
County,Colusa County,California 
County,Contra Costa County,California 
County,Del Norte County,California 
County,El Dorado County,California 
County,Fresno County,California 
County,Glenn County,California 
County,Humboldt County,California 
County,Imperial County,California 
County,Inyo County,California 
County,Kern County,California 
County,Kings County,California 
County,Lake County,California 
County,Lassen County,California 
County,Los Angeles County,California 
County,Madera County,California 
County,Marin County,California 
County,Mariposa County,California 
County,Mendocino County,California 
County,Merced County,California 
County,Modoc County,California 
County,Mono County,California 
County,Monterey County,California 
County,Napa County,California 
County,Nevada County,California 
County,Orange County,California 
County,Placer County,California 
County,Plumas County,California 
County,Riverside County,California 
County,Sacramento County,California 
County,San Benito County,California 
County,San Bernardino County,California 
County,San Diego County,California 
County,San Francisco,California 
County,San Joaquin County,California 
County,San Luis Obispo County,California 
County,San Mateo County,California 
County,Santa Barbara County,California 
County,Santa Clara County,California 
County,Santa Cruz County,California 
County,Shasta County,California 
County,Sierra County,California 
County,Siskiyou County,California 
County,Solano County,California 
County,Sonoma County,California 
County,Stanislaus County,California 
County,Sutter County,California 
County,Tehama County,California 
County,Trinity County,California 
County,Tulare County,California 
County,Tuolumne County,California 
County,Ventura County,California 
County,Yolo County,California 
County,Yuba County,California 
County,Adams County,Colorado 
County,Alamosa County,Colorado 
County,Arapahoe County,Colorado 
County,Archuleta County,Colorado 
County,Baca County,Colorado 
County,Bent County,Colorado 
County,Boulder County,Colorado 
County,Broomfield County,Colorado 
County,Chaffee County,Colorado 
County,Cheyenne County,Colorado 
County,Clear Creek County,Colorado 
County,Conejos County,Colorado 
County,Costilla County,Colorado 
County,Crowley County,Colorado 
County,Custer County,Colorado 
County,Delta County,Colorado 
County,Denver County,Colorado 
County,Dolores County,Colorado 
County,Douglas County,Colorado 
County,Eagle County,Colorado 
County,El Paso County,Colorado 
County,Elbert County,Colorado 
County,Fremont County,Colorado 
County,Garfield County,Colorado 
County,Gilpin County,Colorado 
County,Grand County,Colorado 
County,Gunnison County,Colorado 
County,Hinsdale County,Colorado 
County,Huerfano County,Colorado 
County,Jackson County,Colorado 
County,Jefferson County,Colorado 
County,Kiowa County,Colorado 
County,Kit Carson County,Colorado 
County,La Plata County,Colorado 
County,Lake County,Colorado 
County,Larimer County,Colorado 
County,Las Animas County,Colorado 
County,Lincoln County,Colorado 
County,Logan County,Colorado 
County,Mesa County,Colorado 
County,Mineral County,Colorado 
County,Moffat County,Colorado 
County,Montezuma County,Colorado 
County,Montrose County,Colorado 
County,Morgan County,Colorado 
County,Otero County,Colorado 
County,Ouray County,Colorado 
County,Park County,Colorado 
County,Phillips County,Colorado 
County,Pitkin County,Colorado 
County,Prowers County,Colorado 
County,Pueblo County,Colorado 
County,Rio Blanco County,Colorado 
County,Rio Grande County,Colorado 
County,Routt County,Colorado 
County,Saguache County,Colorado 
County,San Juan County,Colorado 
County,San Miguel County,Colorado 
County,Sedgwick County,Colorado 
County,Summit County,Colorado 
County,Teller County,Colorado 
County,Washington County,Colorado 
County,Weld County,Colorado 
County,Yuma County,Colorado 
County,Fairfield County,Connecticut 
County,Hartford County,Connecticut 
County,Litchfield County,Connecticut 
County,Middlesex County,Connecticut 
County,New Haven County,Connecticut 
County,New London County,Connecticut 
County,Tolland County,Connecticut 
County,Windham County,Connecticut 
County,Kent County,Delaware 
County,New Castle County,Delaware 
County,Sussex County,Delaware 
County,District of Columbia County,District of Columbia 
County,Alachua County,Florida 
County,Baker County,Florida 
County,Bay County,Florida 
County,Bradford County,Florida 
County,Brevard County,Florida 
County,Broward County,Florida 
County,Calhoun County,Florida 
County,Charlotte County,Florida 
County,Citrus County,Florida 
County,Clay County,Florida 
County,Collier County,Florida 
County,Columbia County,Florida 
County,DeSoto County,Florida 
County,Dixie County,Florida 
County,Duval County,Florida 
County,Escambia County,Florida 
County,Flagler County,Florida 
County,Franklin County,Florida 
County,Gadsden County,Florida 
County,Gilchrist County,Florida 
County,Glades County,Florida 
County,Gulf County,Florida 
County,Hamilton County,Florida 
County,Hardee County,Florida 
County,Hendry County,Florida 
County,Hernando County,Florida 
County,Highlands County,Florida 
County,Hillsborough County,Florida 
County,Holmes County,Florida 
County,Indian River County,Florida 
County,Jackson County,Florida 
County,Jefferson County,Florida 
County,Lafayette County,Florida 
County,Lake County,Florida 
County,Lee County,Florida 
County,Leon County,Florida 
County,Levy County,Florida 
County,Liberty County,Florida 
County,Madison County,Florida 
County,Manatee County,Florida 
County,Marion County,Florida 
County,Martin County,Florida 
County,Miami-Dade County,Florida 
County,Monroe County,Florida 
County,Nassau County,Florida 
County,Okaloosa County,Florida 
County,Okeechobee County,Florida 
County,Orange County,Florida 
County,Osceola County,Florida 
County,Palm Beach County,Florida 
County,Pasco County,Florida 
County,Pinellas County,Florida 
County,Polk County,Florida 
County,Putnam County,Florida 
County,Santa Rosa County,Florida 
County,Sarasota County,Florida 
County,Seminole County,Florida 
County,St. Johns County,Florida 
County,St. Lucie County,Florida 
County,Sumter County,Florida 
County,Suwannee County,Florida 
County,Taylor County,Florida 
County,Union County,Florida 
County,Volusia County,Florida 
County,Wakulla County,Florida 
County,Walton County,Florida 
County,Washington County,Florida 
County,Appling County,Georgia 
County,Atkinson County,Georgia 
County,Bacon County,Georgia 
County,Baker County,Georgia 
County,Baldwin County,Georgia 
County,Banks County,Georgia 
County,Barrow County,Georgia 
County,Bartow County,Georgia 
County,Ben Hill County,Georgia 
County,Berrien County,Georgia 
County,Bibb County,Georgia 
County,Bleckley County,Georgia 
County,Brantley County,Georgia 
County,Brooks County,Georgia 
County,Bryan County,Georgia 
County,Bulloch County,Georgia 
County,Burke County,Georgia 
County,Butts County,Georgia 
County,Calhoun County,Georgia 
County,Camden County,Georgia 
County,Candler County,Georgia 
County,Carroll County,Georgia 
County,Catoosa County,Georgia 
County,Charlton County,Georgia 
County,Chatham County,Georgia 
County,Chattahoochee County,Georgia 
County,Chattooga County,Georgia 
County,Cherokee County,Georgia 
County,Clarke County,Georgia 
County,Clay County,Georgia 
County,Clayton County,Georgia 
County,Clinch County,Georgia 
County,Cobb County,Georgia 
County,Coffee County,Georgia 
County,Colquitt County,Georgia 
County,Columbia County,Georgia 
County,Cook County,Georgia 
County,Coweta County,Georgia 
County,Crawford County,Georgia 
County,Crisp County,Georgia 
County,Dade County,Georgia 
County,Dawson County,Georgia 
County,De Kalb County,Georgia 
County,Decatur County,Georgia 
County,Dodge County,Georgia 
County,Dooly County,Georgia 
County,Dougherty County,Georgia 
County,Douglas County,Georgia 
County,Early County,Georgia 
County,Echols County,Georgia 
County,Effingham County,Georgia 
County,Elbert County,Georgia 
County,Emanuel County,Georgia 
County,Evans County,Georgia 
County,Fannin County,Georgia 
County,Fayette County,Georgia 
County,Floyd County,Georgia 
County,Forsyth County,Georgia 
County,Franklin County,Georgia 
County,Fulton County,Georgia 
County,Gilmer County,Georgia 
County,Glascock County,Georgia 
County,Glynn County,Georgia 
County,Gordon County,Georgia 
County,Grady County,Georgia 
County,Greene County,Georgia 
County,Gwinnett County,Georgia 
County,Habersham County,Georgia 
County,Hall County,Georgia 
County,Hancock County,Georgia 
County,Haralson County,Georgia 
County,Harris County,Georgia 
County,Hart County,Georgia 
County,Heard County,Georgia 
County,Henry County,Georgia 
County,Houston County,Georgia 
County,Irwin County,Georgia 
County,Jackson County,Georgia 
County,Jasper County,Georgia 
County,Jeff Davis County,Georgia 
County,Jefferson County,Georgia 
County,Jenkins County,Georgia 
County,Johnson County,Georgia 
County,Jones County,Georgia 
County,Lamar County,Georgia 
County,Lanier County,Georgia 
County,Laurens County,Georgia 
County,Lee County,Georgia 
County,Liberty County,Georgia 
County,Lincoln County,Georgia 
County,Long County,Georgia 
County,Lowndes County,Georgia 
County,Lumpkin County,Georgia 
County,Macon County,Georgia 
County,Madison County,Georgia 
County,Marion County,Georgia 
County,McDuffie County,Georgia 
County,McIntosh County,Georgia 
County,Meriwether County,Georgia 
County,Miller County,Georgia 
County,Mitchell County,Georgia 
County,Monroe County,Georgia 
County,Montgomery County,Georgia 
County,Morgan County,Georgia 
County,Murray County,Georgia 
County,Muscogee County,Georgia 
County,Newton County,Georgia 
County,Oconee County,Georgia 
County,Oglethorpe County,Georgia 
County,Paulding County,Georgia 
County,Peach County,Georgia 
County,Pickens County,Georgia 
County,Pierce County,Georgia 
County,Pike County,Georgia 
County,Polk County,Georgia 
County,Pulaski County,Georgia 
County,Putnam County,Georgia 
County,Quitman County,Georgia 
County,Rabun County,Georgia 
County,Randolph County,Georgia 
County,Richmond County,Georgia 
County,Rockdale County,Georgia 
County,Schley County,Georgia 
County,Screven County,Georgia 
County,Seminole County,Georgia 
County,Spalding County,Georgia 
County,Stephens County,Georgia 
County,Stewart County,Georgia 
County,Sumter County,Georgia 
County,Talbot County,Georgia 
County,Taliaferro County,Georgia 
County,Tattnall County,Georgia 
County,Taylor County,Georgia 
County,Telfair County,Georgia 
County,Terrell County,Georgia 
County,Thomas County,Georgia 
County,Tift County,Georgia 
County,Toombs County,Georgia 
County,Towns County,Georgia 
County,Treutlen County,Georgia 
County,Troup County,Georgia 
County,Turner County,Georgia 
County,Twiggs County,Georgia 
County,Union County,Georgia 
County,Upson County,Georgia 
County,Walker County,Georgia 
County,Walton County,Georgia 
County,Ware County,Georgia 
County,Warren County,Georgia 
County,Washington County,Georgia 
County,Wayne County,Georgia 
County,Webster County,Georgia 
County,Wheeler County,Georgia 
County,White County,Georgia 
County,Whitfield County,Georgia 
County,Wilcox County,Georgia 
County,Wilkes County,Georgia 
County,Wilkinson County,Georgia 
County,Worth County,Georgia 
County,Hawaii County,Hawaii 
County,Honolulu County,Hawaii 
County,Kalawao County,Hawaii 
County,Kauai County,Hawaii 
County,Maui County,Hawaii 
County,Ada County,Idaho 
County,Adams County,Idaho 
County,Bannock County,Idaho 
County,Bear Lake County,Idaho 
County,Benewah County,Idaho 
County,Bingham County,Idaho 
County,Blaine County,Idaho 
County,Boise County,Idaho 
County,Bonner County,Idaho 
County,Bonneville County,Idaho 
County,Boundary County,Idaho 
County,Butte County,Idaho 
County,Camas County,Idaho 
County,Canyon County,Idaho 
County,Caribou County,Idaho 
County,Cassia County,Idaho 
County,Clark County,Idaho 
County,Clearwater County,Idaho 
County,Custer County,Idaho 
County,Elmore County,Idaho 
County,Franklin County,Idaho 
County,Fremont County,Idaho 
County,Gem County,Idaho 
County,Gooding County,Idaho 
County,Idaho County,Idaho 
County,Jefferson County,Idaho 
County,Jerome County,Idaho 
County,Kootenai County,Idaho 
County,Latah County,Idaho 
County,Lemhi County,Idaho 
County,Lewis County,Idaho 
County,Lincoln County,Idaho 
County,Madison County,Idaho 
County,Minidoka County,Idaho 
County,Nez Perce County,Idaho 
County,Oneida County,Idaho 
County,Owyhee County,Idaho 
County,Payette County,Idaho 
County,Power County,Idaho 
County,Shoshone County,Idaho 
County,Teton County,Idaho 
County,Twin Falls County,Idaho 
County,Valley County,Idaho 
County,Washington County,Idaho 
County,Adams County,Illinois 
County,Alexander County,Illinois 
County,Bond County,Illinois 
County,Boone County,Illinois 
County,Brown County,Illinois 
County,Bureau County,Illinois 
County,Calhoun County,Illinois 
County,Carroll County,Illinois 
County,Cass County,Illinois 
County,Champaign County,Illinois 
County,Christian County,Illinois 
County,Clark County,Illinois 
County,Clay County,Illinois 
County,Clinton County,Illinois 
County,Coles County,Illinois 
County,Cook County,Illinois 
County,Crawford County,Illinois 
County,Cumberland County,Illinois 
County,DeKalb County,Illinois 
County,De Witt County,Illinois 
County,Douglas County,Illinois 
County,Du Page County,Illinois 
County,Edgar County,Illinois 
County,Edwards County,Illinois 
County,Effingham County,Illinois 
County,Fayette County,Illinois 
County,Ford County,Illinois 
County,Franklin County,Illinois 
County,Fulton County,Illinois 
County,Gallatin County,Illinois 
County,Greene County,Illinois 
County,Grundy County,Illinois 
County,Hamilton County,Illinois 
County,Hancock County,Illinois 
County,Hardin County,Illinois 
County,Henderson County,Illinois 
County,Henry County,Illinois 
County,Iroquois County,Illinois 
County,Jackson County,Illinois 
County,Jasper County,Illinois 
County,Jefferson County,Illinois 
County,Jersey County,Illinois 
County,Jo Daviess County,Illinois 
County,Johnson County,Illinois 
County,Kane County,Illinois 
County,Kankakee County,Illinois 
County,Kendall County,Illinois 
County,Knox County,Illinois 
County,La Salle County,Illinois 
County,Lake County,Illinois 
County,Lawrence County,Illinois 
County,Lee County,Illinois 
County,Livingston County,Illinois 
County,Logan County,Illinois 
County,Macon County,Illinois 
County,Macoupin County,Illinois 
County,Madison County,Illinois 
County,Marion County,Illinois 
County,Marshall County,Illinois 
County,Mason County,Illinois 
County,Massac County,Illinois 
County,McDonough County,Illinois 
County,McHenry County,Illinois 
County,McLean County,Illinois 
County,Menard County,Illinois 
County,Mercer County,Illinois 
County,Monroe County,Illinois 
County,Montgomery County,Illinois 
County,Morgan County,Illinois 
County,Moultrie County,Illinois 
County,Ogle County,Illinois 
County,Peoria County,Illinois 
County,Perry County,Illinois 
County,Piatt County,Illinois 
County,Pike County,Illinois 
County,Pope County,Illinois 
County,Pulaski County,Illinois 
County,Putnam County,Illinois 
County,Randolph County,Illinois 
County,Richland County,Illinois 
County,Rock Island County,Illinois 
County,Saline County,Illinois 
County,Sangamon County,Illinois 
County,Schuyler County,Illinois 
County,Scott County,Illinois 
County,Shelby County,Illinois 
County,St. Clair County,Illinois 
County,Stark County,Illinois 
County,Stephenson County,Illinois 
County,Tazewell County,Illinois 
County,Union County,Illinois 
County,Vermilion County,Illinois 
County,Wabash County,Illinois 
County,Warren County,Illinois 
County,Washington County,Illinois 
County,Wayne County,Illinois 
County,White County,Illinois 
County,Whiteside County,Illinois 
County,Will County,Illinois 
County,Williamson County,Illinois 
County,Winnebago County,Illinois 
County,Woodford County,Illinois 
County,Adams County,Indiana 
County,Allen County,Indiana 
County,Bartholomew County,Indiana 
County,Benton County,Indiana 
County,Blackford County,Indiana 
County,Boone County,Indiana 
County,Brown County,Indiana 
County,Carroll County,Indiana 
County,Cass County,Indiana 
County,Clark County,Indiana 
County,Clay County,Indiana 
County,Clinton County,Indiana 
County,Crawford County,Indiana 
County,Daviess County,Indiana 
County,De Kalb County,Indiana 
County,Dearborn County,Indiana 
County,Decatur County,Indiana 
County,Delaware County,Indiana 
County,Dubois County,Indiana 
County,Elkhart County,Indiana 
County,Fayette County,Indiana 
County,Floyd County,Indiana 
County,Fountain County,Indiana 
County,Franklin County,Indiana 
County,Fulton County,Indiana 
County,Gibson County,Indiana 
County,Grant County,Indiana 
County,Greene County,Indiana 
County,Hamilton County,Indiana 
County,Hancock County,Indiana 
County,Harrison County,Indiana 
County,Hendricks County,Indiana 
County,Henry County,Indiana 
County,Howard County,Indiana 
County,Huntington County,Indiana 
County,Jackson County,Indiana 
County,Jasper County,Indiana 
County,Jay County,Indiana 
County,Jefferson County,Indiana 
County,Jennings County,Indiana 
County,Johnson County,Indiana 
County,Knox County,Indiana 
County,Kosciusko County,Indiana 
County,La Porte County,Indiana 
County,Lagrange County,Indiana 
County,Lake County,Indiana 
County,Lawrence County,Indiana 
County,Madison County,Indiana 
County,Marion County,Indiana 
County,Marshall County,Indiana 
County,Martin County,Indiana 
County,Miami County,Indiana 
County,Monroe County,Indiana 
County,Montgomery County,Indiana 
County,Morgan County,Indiana 
County,Newton County,Indiana 
County,Noble County,Indiana 
County,Ohio County,Indiana 
County,Orange County,Indiana 
County,Owen County,Indiana 
County,Parke County,Indiana 
County,Perry County,Indiana 
County,Pike County,Indiana 
County,Porter County,Indiana 
County,Posey County,Indiana 
County,Pulaski County,Indiana 
County,Putnam County,Indiana 
County,Randolph County,Indiana 
County,Ripley County,Indiana 
County,Rush County,Indiana 
County,Scott County,Indiana 
County,Shelby County,Indiana 
County,Spencer County,Indiana 
County,St. Joseph County,Indiana 
County,Starke County,Indiana 
County,Steuben County,Indiana 
County,Sullivan County,Indiana 
County,Switzerland County,Indiana 
County,Tippecanoe County,Indiana 
County,Tipton County,Indiana 
County,Union County,Indiana 
County,Vanderburgh County,Indiana 
County,Vermillion County,Indiana 
County,Vigo County,Indiana 
County,Wabash County,Indiana 
County,Warren County,Indiana 
County,Warrick County,Indiana 
County,Washington County,Indiana 
County,Wayne County,Indiana 
County,Wells County,Indiana 
County,White County,Indiana 
County,Whitley County,Indiana 
County,Adair County,Iowa 
County,Adams County,Iowa 
County,Allamakee County,Iowa 
County,Appanoose County,Iowa 
County,Audubon County,Iowa 
County,Benton County,Iowa 
County,Black Hawk County,Iowa 
County,Boone County,Iowa 
County,Bremer County,Iowa 
County,Buchanan County,Iowa 
County,Buena Vista County,Iowa 
County,Butler County,Iowa 
County,Calhoun County,Iowa 
County,Carroll County,Iowa 
County,Cass County,Iowa 
County,Cedar County,Iowa 
County,Cerro Gordo County,Iowa 
County,Cherokee County,Iowa 
County,Chickasaw County,Iowa 
County,Clarke County,Iowa 
County,Clay County,Iowa 
County,Clayton County,Iowa 
County,Clinton County,Iowa 
County,Crawford County,Iowa 
County,Dallas County,Iowa 
County,Davis County,Iowa 
County,Decatur County,Iowa 
County,Delaware County,Iowa 
County,Des Moines County,Iowa 
County,Dickinson County,Iowa 
County,Dubuque County,Iowa 
County,Emmet County,Iowa 
County,Fayette County,Iowa 
County,Floyd County,Iowa 
County,Franklin County,Iowa 
County,Fremont County,Iowa 
County,Greene County,Iowa 
County,Grundy County,Iowa 
County,Guthrie County,Iowa 
County,Hamilton County,Iowa 
County,Hancock County,Iowa 
County,Hardin County,Iowa 
County,Harrison County,Iowa 
County,Henry County,Iowa 
County,Howard County,Iowa 
County,Humboldt County,Iowa 
County,Ida County,Iowa 
County,Iowa County,Iowa 
County,Jackson County,Iowa 
County,Jasper County,Iowa 
County,Jefferson County,Iowa 
County,Johnson County,Iowa 
County,Jones County,Iowa 
County,Keokuk County,Iowa 
County,Kossuth County,Iowa 
County,Lee County,Iowa 
County,Linn County,Iowa 
County,Louisa County,Iowa 
County,Lucas County,Iowa 
County,Lyon County,Iowa 
County,Madison County,Iowa 
County,Mahaska County,Iowa 
County,Marion County,Iowa 
County,Marshall County,Iowa 
County,Mills County,Iowa 
County,Mitchell County,Iowa 
County,Monona County,Iowa 
County,Monroe County,Iowa 
County,Montgomery County,Iowa 
County,Muscatine County,Iowa 
County,O'Brien County,Iowa 
County,Osceola County,Iowa 
County,Page County,Iowa 
County,Palo Alto County,Iowa 
County,Plymouth County,Iowa 
County,Pocahontas County,Iowa 
County,Polk County,Iowa 
County,Pottawattamie County,Iowa 
County,Poweshiek County,Iowa 
County,Ringgold County,Iowa 
County,Sac County,Iowa 
County,Scott County,Iowa 
County,Shelby County,Iowa 
County,Sioux County,Iowa 
County,Story County,Iowa 
County,Tama County,Iowa 
County,Taylor County,Iowa 
County,Union County,Iowa 
County,Van Buren County,Iowa 
County,Wapello County,Iowa 
County,Warren County,Iowa 
County,Washington County,Iowa 
County,Wayne County,Iowa 
County,Webster County,Iowa 
County,Winnebago County,Iowa 
County,Winneshiek County,Iowa 
County,Woodbury County,Iowa 
County,Worth County,Iowa 
County,Wright County,Iowa 
County,Allen County,Kansas 
County,Anderson County,Kansas 
County,Atchison County,Kansas 
County,Barber County,Kansas 
County,Barton County,Kansas 
County,Bourbon County,Kansas 
County,Brown County,Kansas 
County,Butler County,Kansas 
County,Chase County,Kansas 
County,Chautauqua County,Kansas 
County,Cherokee County,Kansas 
County,Cheyenne County,Kansas 
County,Clark County,Kansas 
County,Clay County,Kansas 
County,Cloud County,Kansas 
County,Coffey County,Kansas 
County,Comanche County,Kansas 
County,Cowley County,Kansas 
County,Crawford County,Kansas 
County,Decatur County,Kansas 
County,Dickinson County,Kansas 
County,Doniphan County,Kansas 
County,Douglas County,Kansas 
County,Edwards County,Kansas 
County,Elk County,Kansas 
County,Ellis County,Kansas 
County,Ellsworth County,Kansas 
County,Finney County,Kansas 
County,Ford County,Kansas 
County,Franklin County,Kansas 
County,Geary County,Kansas 
County,Gove County,Kansas 
County,Graham County,Kansas 
County,Grant County,Kansas 
County,Gray County,Kansas 
County,Greeley County,Kansas 
County,Greenwood County,Kansas 
County,Hamilton County,Kansas 
County,Harper County,Kansas 
County,Harvey County,Kansas 
County,Haskell County,Kansas 
County,Hodgeman County,Kansas 
County,Jackson County,Kansas 
County,Jefferson County,Kansas 
County,Jewell County,Kansas 
County,Johnson County,Kansas 
County,Kearny County,Kansas 
County,Kingman County,Kansas 
County,Kiowa County,Kansas 
County,Labette County,Kansas 
County,Lane County,Kansas 
County,Leavenworth County,Kansas 
County,Lincoln County,Kansas 
County,Linn County,Kansas 
County,Logan County,Kansas 
County,Lyon County,Kansas 
County,Marion County,Kansas 
County,Marshall County,Kansas 
County,McPherson County,Kansas 
County,Meade County,Kansas 
County,Miami County,Kansas 
County,Mitchell County,Kansas 
County,Montgomery County,Kansas 
County,Morris County,Kansas 
County,Morton County,Kansas 
County,Nemaha County,Kansas 
County,Neosho County,Kansas 
County,Ness County,Kansas 
County,Norton County,Kansas 
County,Osage County,Kansas 
County,Osborne County,Kansas 
County,Ottawa County,Kansas 
County,Pawnee County,Kansas 
County,Phillips County,Kansas 
County,Pottawatomie County,Kansas 
County,Pratt County,Kansas 
County,Rawlins County,Kansas 
County,Reno County,Kansas 
County,Republic County,Kansas 
County,Rice County,Kansas 
County,Riley County,Kansas 
County,Rooks County,Kansas 
County,Rush County,Kansas 
County,Russell County,Kansas 
County,Saline County,Kansas 
County,Scott County,Kansas 
County,Sedgwick County,Kansas 
County,Seward County,Kansas 
County,Shawnee County,Kansas 
County,Sheridan County,Kansas 
County,Sherman County,Kansas 
County,Smith County,Kansas 
County,Stafford County,Kansas 
County,Stanton County,Kansas 
County,Stevens County,Kansas 
County,Sumner County,Kansas 
County,Thomas County,Kansas 
County,Trego County,Kansas 
County,Wabaunsee County,Kansas 
County,Wallace County,Kansas 
County,Washington County,Kansas 
County,Wichita County,Kansas 
County,Wilson County,Kansas 
County,Woodson County,Kansas 
County,Wyandotte County,Kansas 
County,Adair County,Kentucky 
County,Allen County,Kentucky 
County,Anderson County,Kentucky 
County,Ballard County,Kentucky 
County,Barren County,Kentucky 
County,Bath County,Kentucky 
County,Bell County,Kentucky 
County,Boone County,Kentucky 
County,Bourbon County,Kentucky 
County,Boyd County,Kentucky 
County,Boyle County,Kentucky 
County,Bracken County,Kentucky 
County,Breathitt County,Kentucky 
County,Breckinridge County,Kentucky 
County,Bullitt County,Kentucky 
County,Butler County,Kentucky 
County,Caldwell County,Kentucky 
County,Calloway County,Kentucky 
County,Campbell County,Kentucky 
County,Carlisle County,Kentucky 
County,Carroll County,Kentucky 
County,Carter County,Kentucky 
County,Casey County,Kentucky 
County,Christian County,Kentucky 
County,Clark County,Kentucky 
County,Clay County,Kentucky 
County,Clinton County,Kentucky 
County,Crittenden County,Kentucky 
County,Cumberland County,Kentucky 
County,Daviess County,Kentucky 
County,Edmonson County,Kentucky 
County,Elliott County,Kentucky 
County,Estill County,Kentucky 
County,Fayette County,Kentucky 
County,Fleming County,Kentucky 
County,Floyd County,Kentucky 
County,Franklin County,Kentucky 
County,Fulton County,Kentucky 
County,Gallatin County,Kentucky 
County,Garrard County,Kentucky 
County,Grant County,Kentucky 
County,Graves County,Kentucky 
County,Grayson County,Kentucky 
County,Green County,Kentucky 
County,Greenup County,Kentucky 
County,Hancock County,Kentucky 
County,Hardin County,Kentucky 
County,Harlan County,Kentucky 
County,Harrison County,Kentucky 
County,Hart County,Kentucky 
County,Henderson County,Kentucky 
County,Henry County,Kentucky 
County,Hickman County,Kentucky 
County,Hopkins County,Kentucky 
County,Jackson County,Kentucky 
County,Jefferson County,Kentucky 
County,Jessamine County,Kentucky 
County,Johnson County,Kentucky 
County,Kenton County,Kentucky 
County,Knott County,Kentucky 
County,Knox County,Kentucky 
County,Larue County,Kentucky 
County,Laurel County,Kentucky 
County,Lawrence County,Kentucky 
County,Lee County,Kentucky 
County,Leslie County,Kentucky 
County,Letcher County,Kentucky 
County,Lewis County,Kentucky 
County,Lincoln County,Kentucky 
County,Livingston County,Kentucky 
County,Logan County,Kentucky 
County,Lyon County,Kentucky 
County,Madison County,Kentucky 
County,Magoffin County,Kentucky 
County,Marion County,Kentucky 
County,Marshall County,Kentucky 
County,Martin County,Kentucky 
County,Mason County,Kentucky 
County,McCracken County,Kentucky 
County,McCreary County,Kentucky 
County,McLean County,Kentucky 
County,Meade County,Kentucky 
County,Menifee County,Kentucky 
County,Mercer County,Kentucky 
County,Metcalfe County,Kentucky 
County,Monroe County,Kentucky 
County,Montgomery County,Kentucky 
County,Morgan County,Kentucky 
County,Muhlenberg County,Kentucky 
County,Nelson County,Kentucky 
County,Nicholas County,Kentucky 
County,Ohio County,Kentucky 
County,Oldham County,Kentucky 
County,Owen County,Kentucky 
County,Owsley County,Kentucky 
County,Pendleton County,Kentucky 
County,Perry County,Kentucky 
County,Pike County,Kentucky 
County,Powell County,Kentucky 
County,Pulaski County,Kentucky 
County,Robertson County,Kentucky 
County,Rockcastle County,Kentucky 
County,Rowan County,Kentucky 
County,Russell County,Kentucky 
County,Scott County,Kentucky 
County,Shelby County,Kentucky 
County,Simpson County,Kentucky 
County,Spencer County,Kentucky 
County,Taylor County,Kentucky 
County,Todd County,Kentucky 
County,Trigg County,Kentucky 
County,Trimble County,Kentucky 
County,Union County,Kentucky 
County,Warren County,Kentucky 
County,Washington County,Kentucky 
County,Wayne County,Kentucky 
County,Webster County,Kentucky 
County,Whitley County,Kentucky 
County,Wolfe County,Kentucky 
County,Woodford County,Kentucky 
County,Acadia Parish,Louisiana 
County,Allen Parish,Louisiana 
County,Ascension Parish,Louisiana 
County,Assumption Parish,Louisiana 
County,Avoyelles Parish,Louisiana 
County,Beauregard Parish,Louisiana 
County,Bienville Parish,Louisiana 
County,Bossier Parish,Louisiana 
County,Caddo Parish,Louisiana 
County,Calcasieu Parish,Louisiana 
County,Caldwell Parish,Louisiana 
County,Cameron Parish,Louisiana 
County,Catahoula Parish,Louisiana 
County,Claiborne Parish,Louisiana 
County,Concordia Parish,Louisiana 
County,De Soto Parish,Louisiana 
County,East Baton Rouge Parish,Louisiana 
County,East Carroll Parish,Louisiana 
County,East Feliciana Parish,Louisiana 
County,Evangeline Parish,Louisiana 
County,Franklin Parish,Louisiana 
County,Grant Parish,Louisiana 
County,Iberia Parish,Louisiana 
County,Iberville Parish,Louisiana 
County,Jackson Parish,Louisiana 
County,Jefferson Parish,Louisiana 
County,Jefferson Davis Parish,Louisiana 
County,La Salle Parish,Louisiana 
County,Lafayette Parish,Louisiana 
County,Lafourche Parish,Louisiana 
County,Lincoln Parish,Louisiana 
County,Livingston Parish,Louisiana 
County,Madison Parish,Louisiana 
County,Morehouse Parish,Louisiana 
County,Natchitoches Parish,Louisiana 
County,Orleans Parish,Louisiana 
County,Ouachita Parish,Louisiana 
County,Plaquemines Parish,Louisiana 
County,Pointe Coupee Parish,Louisiana 
County,Rapides Parish,Louisiana 
County,Red River Parish,Louisiana 
County,Richland Parish,Louisiana 
County,Sabine Parish,Louisiana 
County,St. Bernard Parish,Louisiana 
County,St. Charles Parish,Louisiana 
County,St. Helena Parish,Louisiana 
County,St. James Parish,Louisiana 
County,St. John the Baptist Parish,Louisiana 
County,St. Landry Parish,Louisiana 
County,St. Martin Parish,Louisiana 
County,St. Mary Parish,Louisiana 
County,St. Tammany Parish,Louisiana 
County,Tangipahoa Parish,Louisiana 
County,Tensas Parish,Louisiana 
County,Terrebonne Parish,Louisiana 
County,Union Parish,Louisiana 
County,Vermilion Parish,Louisiana 
County,Vernon Parish,Louisiana 
County,Washington Parish,Louisiana 
County,Webster Parish,Louisiana 
County,West Baton Rouge Parish,Louisiana 
County,West Carroll Parish,Louisiana 
County,West Feliciana Parish,Louisiana 
County,Winn Parish,Louisiana 
County,Androscoggin County,Maine 
County,Aroostook County,Maine 
County,Cumberland County,Maine 
County,Franklin County,Maine 
County,Hancock County,Maine 
County,Kennebec County,Maine 
County,Knox County,Maine 
County,Lincoln County,Maine 
County,Oxford County,Maine 
County,Penobscot County,Maine 
County,Piscataquis County,Maine 
County,Sagadahoc County,Maine 
County,Somerset County,Maine 
County,Waldo County,Maine 
County,Washington County,Maine 
County,York County,Maine 
County,Allegany County,Maryland 
County,Anne Arundel County,Maryland 
County,Baltimore County,Maryland 
County,Calvert County,Maryland 
County,Caroline County,Maryland 
County,Carroll County,Maryland 
County,Cecil County,Maryland 
County,Charles County,Maryland 
County,Dorchester County,Maryland 
County,Frederick County,Maryland 
County,Garrett County,Maryland 
County,Harford County,Maryland 
County,Howard County,Maryland 
County,Kent County,Maryland 
County,Montgomery County,Maryland 
County,Prince George's County,Maryland 
County,Queen Anne's County,Maryland 
County,Somerset County,Maryland 
County,St. Mary's County,Maryland 
County,Talbot County,Maryland 
County,Washington County,Maryland 
County,Wicomico County,Maryland 
County,Worcester County,Maryland 
County,Barnstable County,Massachusetts 
County,Berkshire County,Massachusetts 
County,Bristol County,Massachusetts 
County,Dukes County,Massachusetts 
County,Essex County,Massachusetts 
County,Franklin County,Massachusetts 
County,Hampden County,Massachusetts 
County,Hampshire County,Massachusetts 
County,Middlesex County,Massachusetts 
County,Nantucket County,Massachusetts 
County,Norfolk County,Massachusetts 
County,Plymouth County,Massachusetts 
County,Suffolk County,Massachusetts 
County,Worcester County,Massachusetts 
County,Alcona County,Michigan 
County,Alger County,Michigan 
County,Allegan County,Michigan 
County,Alpena County,Michigan 
County,Antrim County,Michigan 
County,Arenac County,Michigan 
County,Baraga County,Michigan 
County,Barry County,Michigan 
County,Bay County,Michigan 
County,Benzie County,Michigan 
County,Berrien County,Michigan 
County,Branch County,Michigan 
County,Calhoun County,Michigan 
County,Cass County,Michigan 
County,Charlevoix County,Michigan 
County,Cheboygan County,Michigan 
County,Chippewa County,Michigan 
County,Clare County,Michigan 
County,Clinton County,Michigan 
County,Crawford County,Michigan 
County,Delta County,Michigan 
County,Dickinson County,Michigan 
County,Eaton County,Michigan 
County,Emmet County,Michigan 
County,Genesee County,Michigan 
County,Gladwin County,Michigan 
County,Gogebic County,Michigan 
County,Grand Traverse County,Michigan 
County,Gratiot County,Michigan 
County,Hillsdale County,Michigan 
County,Houghton County,Michigan 
County,Huron County,Michigan 
County,Ingham County,Michigan 
County,Ionia County,Michigan 
County,Iosco County,Michigan 
County,Iron County,Michigan 
County,Isabella County,Michigan 
County,Jackson County,Michigan 
County,Kalamazoo County,Michigan 
County,Kalkaska County,Michigan 
County,Kent County,Michigan 
County,Keweenaw County,Michigan 
County,Lake County,Michigan 
County,Lapeer County,Michigan 
County,Leelanau County,Michigan 
County,Lenawee County,Michigan 
County,Livingston County,Michigan 
County,Luce County,Michigan 
County,Mackinac County,Michigan 
County,Macomb County,Michigan 
County,Manistee County,Michigan 
County,Marquette County,Michigan 
County,Mason County,Michigan 
County,Mecosta County,Michigan 
County,Menominee County,Michigan 
County,Midland County,Michigan 
County,Missaukee County,Michigan 
County,Monroe County,Michigan 
County,Montcalm County,Michigan 
County,Montmorency County,Michigan 
County,Muskegon County,Michigan 
County,Newaygo County,Michigan 
County,Oakland County,Michigan 
County,Oceana County,Michigan 
County,Ogemaw County,Michigan 
County,Ontonagon County,Michigan 
County,Osceola County,Michigan 
County,Oscoda County,Michigan 
County,Otsego County,Michigan 
County,Ottawa County,Michigan 
County,Presque Isle County,Michigan 
County,Roscommon County,Michigan 
County,Saginaw County,Michigan 
County,Sanilac County,Michigan 
County,Schoolcraft County,Michigan 
County,Shiawassee County,Michigan 
County,St. Clair County,Michigan 
County,St. Joseph County,Michigan 
County,Tuscola County,Michigan 
County,Van Buren County,Michigan 
County,Washtenaw County,Michigan 
County,Wayne County,Michigan 
County,Wexford County,Michigan 
County,Aitkin County,Minnesota 
County,Anoka County,Minnesota 
County,Becker County,Minnesota 
County,Beltrami County,Minnesota 
County,Benton County,Minnesota 
County,Big Stone County,Minnesota 
County,Blue Earth County,Minnesota 
County,Brown County,Minnesota 
County,Carlton County,Minnesota 
County,Carver County,Minnesota 
County,Cass County,Minnesota 
County,Chippewa County,Minnesota 
County,Chisago County,Minnesota 
County,Clay County,Minnesota 
County,Clearwater County,Minnesota 
County,Cook County,Minnesota 
County,Cottonwood County,Minnesota 
County,Crow Wing County,Minnesota 
County,Dakota County,Minnesota 
County,Dodge County,Minnesota 
County,Douglas County,Minnesota 
County,Faribault County,Minnesota 
County,Fillmore County,Minnesota 
County,Freeborn County,Minnesota 
County,Goodhue County,Minnesota 
County,Grant County,Minnesota 
County,Hennepin County,Minnesota 
County,Houston County,Minnesota 
County,Hubbard County,Minnesota 
County,Isanti County,Minnesota 
County,Itasca County,Minnesota 
County,Jackson County,Minnesota 
County,Kanabec County,Minnesota 
County,Kandiyohi County,Minnesota 
County,Kittson County,Minnesota 
County,Koochiching County,Minnesota 
County,Lac qui Parle County,Minnesota 
County,Lake County,Minnesota 
County,Lake of the Woods County,Minnesota 
County,Le Sueur County,Minnesota 
County,Lincoln County,Minnesota 
County,Lyon County,Minnesota 
County,Mahnomen County,Minnesota 
County,Marshall County,Minnesota 
County,Martin County,Minnesota 
County,McLeod County,Minnesota 
County,Meeker County,Minnesota 
County,Mille Lacs County,Minnesota 
County,Morrison County,Minnesota 
County,Mower County,Minnesota 
County,Murray County,Minnesota 
County,Nicollet County,Minnesota 
County,Nobles County,Minnesota 
County,Norman County,Minnesota 
County,Olmsted County,Minnesota 
County,Otter Tail County,Minnesota 
County,Pennington County,Minnesota 
County,Pine County,Minnesota 
County,Pipestone County,Minnesota 
County,Polk County,Minnesota 
County,Pope County,Minnesota 
County,Ramsey County,Minnesota 
County,Red Lake County,Minnesota 
County,Redwood County,Minnesota 
County,Renville County,Minnesota 
County,Rice County,Minnesota 
County,Rock County,Minnesota 
County,Roseau County,Minnesota 
County,Scott County,Minnesota 
County,Sherburne County,Minnesota 
County,Sibley County,Minnesota 
County,St. Louis County,Minnesota 
County,Stearns County,Minnesota 
County,Steele County,Minnesota 
County,Stevens County,Minnesota 
County,Swift County,Minnesota 
County,Todd County,Minnesota 
County,Traverse County,Minnesota 
County,Wabasha County,Minnesota 
County,Wadena County,Minnesota 
County,Waseca County,Minnesota 
County,Washington County,Minnesota 
County,Watonwan County,Minnesota 
County,Wilkin County,Minnesota 
County,Winona County,Minnesota 
County,Wright County,Minnesota 
County,Yellow Medicine County,Minnesota 
County,Adams County,Mississippi 
County,Alcorn County,Mississippi 
County,Amite County,Mississippi 
County,Attala County,Mississippi 
County,Benton County,Mississippi 
County,Bolivar County,Mississippi 
County,Calhoun County,Mississippi 
County,Carroll County,Mississippi 
County,Chickasaw County,Mississippi 
County,Choctaw County,Mississippi 
County,Claiborne County,Mississippi 
County,Clarke County,Mississippi 
County,Clay County,Mississippi 
County,Coahoma County,Mississippi 
County,Copiah County,Mississippi 
County,Covington County,Mississippi 
County,De Soto County,Mississippi 
County,Forrest County,Mississippi 
County,Franklin County,Mississippi 
County,George County,Mississippi 
County,Greene County,Mississippi 
County,Grenada County,Mississippi 
County,Hancock County,Mississippi 
County,Harrison County,Mississippi 
County,Hinds County,Mississippi 
County,Holmes County,Mississippi 
County,Humphreys County,Mississippi 
County,Issaquena County,Mississippi 
County,Itawamba County,Mississippi 
County,Jackson County,Mississippi 
County,Jasper County,Mississippi 
County,Jefferson County,Mississippi 
County,Jefferson Davis County,Mississippi 
County,Jones County,Mississippi 
County,Kemper County,Mississippi 
County,Lafayette County,Mississippi 
County,Lamar County,Mississippi 
County,Lauderdale County,Mississippi 
County,Lawrence County,Mississippi 
County,Leake County,Mississippi 
County,Lee County,Mississippi 
County,Leflore County,Mississippi 
County,Lincoln County,Mississippi 
County,Lowndes County,Mississippi 
County,Madison County,Mississippi 
County,Marion County,Mississippi 
County,Marshall County,Mississippi 
County,Monroe County,Mississippi 
County,Montgomery County,Mississippi 
County,Neshoba County,Mississippi 
County,Newton County,Mississippi 
County,Noxubee County,Mississippi 
County,Oktibbeha County,Mississippi 
County,Panola County,Mississippi 
County,Pearl River County,Mississippi 
County,Perry County,Mississippi 
County,Pike County,Mississippi 
County,Pontotoc County,Mississippi 
County,Prentiss County,Mississippi 
County,Quitman County,Mississippi 
County,Rankin County,Mississippi 
County,Scott County,Mississippi 
County,Sharkey County,Mississippi 
County,Simpson County,Mississippi 
County,Smith County,Mississippi 
County,Stone County,Mississippi 
County,Sunflower County,Mississippi 
County,Tallahatchie County,Mississippi 
County,Tate County,Mississippi 
County,Tippah County,Mississippi 
County,Tishomingo County,Mississippi 
County,Tunica County,Mississippi 
County,Union County,Mississippi 
County,Walthall County,Mississippi 
County,Warren County,Mississippi 
County,Washington County,Mississippi 
County,Wayne County,Mississippi 
County,Webster County,Mississippi 
County,Wilkinson County,Mississippi 
County,Winston County,Mississippi 
County,Yalobusha County,Mississippi 
County,Yazoo County,Mississippi 
County,Adair County,Missouri 
County,Andrew County,Missouri 
County,Atchison County,Missouri 
County,Audrain County,Missouri 
County,Barry County,Missouri 
County,Barton County,Missouri 
County,Bates County,Missouri 
County,Benton County,Missouri 
County,Bollinger County,Missouri 
County,Boone County,Missouri 
County,Buchanan County,Missouri 
County,Butler County,Missouri 
County,Caldwell County,Missouri 
County,Callaway County,Missouri 
County,Camden County,Missouri 
County,Cape Girardeau County,Missouri 
County,Carroll County,Missouri 
County,Carter County,Missouri 
County,Cass County,Missouri 
County,Cedar County,Missouri 
County,Chariton County,Missouri 
County,Christian County,Missouri 
County,Clark County,Missouri 
County,Clay County,Missouri 
County,Clinton County,Missouri 
County,Cole County,Missouri 
County,Cooper County,Missouri 
County,Crawford County,Missouri 
County,Dade County,Missouri 
County,Dallas County,Missouri 
County,Daviess County,Missouri 
County,DeKalb County,Missouri 
County,Dent County,Missouri 
County,Douglas County,Missouri 
County,Dunklin County,Missouri 
County,Franklin County,Missouri 
County,Gasconade County,Missouri 
County,Gentry County,Missouri 
County,Greene County,Missouri 
County,Grundy County,Missouri 
County,Harrison County,Missouri 
County,Henry County,Missouri 
County,Hickory County,Missouri 
County,Holt County,Missouri 
County,Howard County,Missouri 
County,Howell County,Missouri 
County,Iron County,Missouri 
County,Jackson County,Missouri 
County,Jasper County,Missouri 
County,Jefferson County,Missouri 
County,Johnson County,Missouri 
County,Knox County,Missouri 
County,Laclede County,Missouri 
County,Lafayette County,Missouri 
County,Lawrence County,Missouri 
County,Lewis County,Missouri 
County,Lincoln County,Missouri 
County,Linn County,Missouri 
County,Livingston County,Missouri 
County,Macon County,Missouri 
County,Madison County,Missouri 
County,Maries County,Missouri 
County,Marion County,Missouri 
County,McDonald County,Missouri 
County,Mercer County,Missouri 
County,Miller County,Missouri 
County,Mississippi County,Missouri 
County,Moniteau County,Missouri 
County,Monroe County,Missouri 
County,Montgomery County,Missouri 
County,Morgan County,Missouri 
County,New Madrid County,Missouri 
County,Newton County,Missouri 
County,Nodaway County,Missouri 
County,Oregon County,Missouri 
County,Osage County,Missouri 
County,Ozark County,Missouri 
County,Pemiscot County,Missouri 
County,Perry County,Missouri 
County,Pettis County,Missouri 
County,Phelps County,Missouri 
County,Pike County,Missouri 
County,Platte County,Missouri 
County,Polk County,Missouri 
County,Pulaski County,Missouri 
County,Putnam County,Missouri 
County,Ralls County,Missouri 
County,Randolph County,Missouri 
County,Ray County,Missouri 
County,Reynolds County,Missouri 
County,Ripley County,Missouri 
County,Saline County,Missouri 
County,Schuyler County,Missouri 
County,Scotland County,Missouri 
County,Scott County,Missouri 
County,Shannon County,Missouri 
County,Shelby County,Missouri 
County,St. Charles County,Missouri 
County,St. Clair County,Missouri 
County,St. Francois County,Missouri 
County,St. Louis County,Missouri 
County,Ste. Genevieve County,Missouri 
County,Stoddard County,Missouri 
County,Stone County,Missouri 
County,Sullivan County,Missouri 
County,Taney County,Missouri 
County,Texas County,Missouri 
County,Vernon County,Missouri 
County,Warren County,Missouri 
County,Washington County,Missouri 
County,Wayne County,Missouri 
County,Webster County,Missouri 
County,Worth County,Missouri 
County,Wright County,Missouri 
County,Beaverhead County,Montana 
County,Big Horn County,Montana 
County,Blaine County,Montana 
County,Broadwater County,Montana 
County,Carbon County,Montana 
County,Carter County,Montana 
County,Cascade County,Montana 
County,Chouteau County,Montana 
County,Custer County,Montana 
County,Daniels County,Montana 
County,Dawson County,Montana 
County,Deer Lodge County,Montana 
County,Fallon County,Montana 
County,Fergus County,Montana 
County,Flathead County,Montana 
County,Gallatin County,Montana 
County,Garfield County,Montana 
County,Glacier County,Montana 
County,Golden Valley County,Montana 
County,Granite County,Montana 
County,Hill County,Montana 
County,Jefferson County,Montana 
County,Judith Basin County,Montana 
County,Lake County,Montana 
County,Lewis and Clark County,Montana 
County,Liberty County,Montana 
County,Lincoln County,Montana 
County,Madison County,Montana 
County,McCone County,Montana 
County,Meagher County,Montana 
County,Mineral County,Montana 
County,Missoula County,Montana 
County,Musselshell County,Montana 
County,Park County,Montana 
County,Petroleum County,Montana 
County,Phillips County,Montana 
County,Pondera County,Montana 
County,Powder River County,Montana 
County,Powell County,Montana 
County,Prairie County,Montana 
County,Ravalli County,Montana 
County,Richland County,Montana 
County,Roosevelt County,Montana 
County,Rosebud County,Montana 
County,Sanders County,Montana 
County,Sheridan County,Montana 
County,Silver Bow County,Montana 
County,Stillwater County,Montana 
County,Sweet Grass County,Montana 
County,Teton County,Montana 
County,Toole County,Montana 
County,Treasure County,Montana 
County,Valley County,Montana 
County,Wheatland County,Montana 
County,Wibaux County,Montana 
County,Yellowstone County,Montana 
County,Platte County,Nebraska
County,Adams County,Nebraska 
County,Antelope County,Nebraska 
County,Arthur County,Nebraska 
County,Banner County,Nebraska 
County,Blaine County,Nebraska 
County,Boone County,Nebraska 
County,Box Butte County,Nebraska 
County,Boyd County,Nebraska 
County,Brown County,Nebraska 
County,Buffalo County,Nebraska 
County,Burt County,Nebraska 
County,Butler County,Nebraska 
County,Cass County,Nebraska 
County,Cedar County,Nebraska 
County,Chase County,Nebraska 
County,Cherry County,Nebraska 
County,Cheyenne County,Nebraska 
County,Clay County,Nebraska 
County,Colfax County,Nebraska 
County,Cuming County,Nebraska 
County,Custer County,Nebraska 
County,Dakota County,Nebraska 
County,Dawes County,Nebraska 
County,Dawson County,Nebraska 
County,Deuel County,Nebraska 
County,Dixon County,Nebraska 
County,Dodge County,Nebraska 
County,Douglas County,Nebraska 
County,Dundy County,Nebraska 
County,Fillmore County,Nebraska 
County,Franklin County,Nebraska 
County,Frontier County,Nebraska 
County,Furnas County,Nebraska 
County,Gage County,Nebraska 
County,Garden County,Nebraska 
County,Garfield County,Nebraska 
County,Gosper County,Nebraska 
County,Grant County,Nebraska 
County,Greeley County,Nebraska 
County,Hall County,Nebraska 
County,Hamilton County,Nebraska 
County,Harlan County,Nebraska 
County,Hayes County,Nebraska 
County,Hitchcock County,Nebraska 
County,Holt County,Nebraska 
County,Hooker County,Nebraska 
County,Howard County,Nebraska 
County,Jefferson County,Nebraska 
County,Johnson County,Nebraska 
County,Kearney County,Nebraska 
County,Keith County,Nebraska 
County,Keya Paha County,Nebraska 
County,Kimball County,Nebraska 
County,Knox County,Nebraska 
County,Lancaster County,Nebraska 
County,Lincoln County,Nebraska 
County,Logan County,Nebraska 
County,Loup County,Nebraska 
County,Madison County,Nebraska 
County,McPherson County,Nebraska 
County,Merrick County,Nebraska 
County,Morrill County,Nebraska 
County,Nance County,Nebraska 
County,Nemaha County,Nebraska 
County,Nuckolls County,Nebraska 
County,Otoe County,Nebraska 
County,Pawnee County,Nebraska 
County,Perkins County,Nebraska 
County,Phelps County,Nebraska 
County,Pierce County,Nebraska 
County,Polk County,Nebraska 
County,Red Willow County,Nebraska 
County,Richardson County,Nebraska 
County,Rock County,Nebraska 
County,Saline County,Nebraska 
County,Sarpy County,Nebraska 
County,Saunders County,Nebraska 
County,Scotts Bluff County,Nebraska 
County,Seward County,Nebraska 
County,Sheridan County,Nebraska 
County,Sherman County,Nebraska 
County,Sioux County,Nebraska 
County,Stanton County,Nebraska 
County,Thayer County,Nebraska 
County,Thomas County,Nebraska 
County,Thurston County,Nebraska 
County,Valley County,Nebraska 
County,Washington County,Nebraska 
County,Wayne County,Nebraska 
County,Webster County,Nebraska 
County,Wheeler County,Nebraska 
County,York County,Nebraska 
County,Churchill County,Nevada 
County,Clark County,Nevada 
County,Douglas County,Nevada 
County,Elko County,Nevada 
County,Esmeralda County,Nevada 
County,Eureka County,Nevada 
County,Humboldt County,Nevada 
County,Lander County,Nevada 
County,Lincoln County,Nevada 
County,Lyon County,Nevada 
County,Mineral County,Nevada 
County,Nye County,Nevada 
County,Pershing County,Nevada 
County,Storey County,Nevada 
County,Washoe County,Nevada 
County,White Pine County,Nevada 
County,Belknap County,New Hampshire 
County,Carroll County,New Hampshire 
County,Cheshire County,New Hampshire 
County,Coos County,New Hampshire 
County,Grafton County,New Hampshire 
County,Hillsborough County,New Hampshire 
County,Merrimack County,New Hampshire 
County,Rockingham County,New Hampshire 
County,Strafford County,New Hampshire 
County,Sullivan County,New Hampshire 
County,Atlantic County,New Jersey 
County,Bergen County,New Jersey 
County,Burlington County,New Jersey 
County,Camden County,New Jersey 
County,Cape May County,New Jersey 
County,Cumberland County,New Jersey 
County,Essex County,New Jersey 
County,Gloucester County,New Jersey 
County,Hudson County,New Jersey 
County,Hunterdon County,New Jersey 
County,Mercer County,New Jersey 
County,Middlesex County,New Jersey 
County,Monmouth County,New Jersey 
County,Morris County,New Jersey 
County,Ocean County,New Jersey 
County,Passaic County,New Jersey 
County,Salem County,New Jersey 
County,Somerset County,New Jersey 
County,Sussex County,New Jersey 
County,Union County,New Jersey 
County,Warren County,New Jersey 
County,Bernalillo County,New Mexico 
County,Catron County,New Mexico 
County,Chaves County,New Mexico 
County,Cibola County,New Mexico 
County,Colfax County,New Mexico 
County,Curry County,New Mexico 
County,DeBaca County,New Mexico 
County,Doa Ana County,New Mexico 
County,Eddy County,New Mexico 
County,Grant County,New Mexico 
County,Guadalupe County,New Mexico 
County,Harding County,New Mexico 
County,Hidalgo County,New Mexico 
County,Lea County,New Mexico 
County,Lincoln County,New Mexico 
County,Los Alamos County,New Mexico 
County,Luna County,New Mexico 
County,McKinley County,New Mexico 
County,Mora County,New Mexico 
County,Otero County,New Mexico 
County,Quay County,New Mexico 
County,Rio Arriba County,New Mexico 
County,Roosevelt County,New Mexico 
County,San Juan County,New Mexico 
County,San Miguel County,New Mexico 
County,Sandoval County,New Mexico 
County,Santa Fe County,New Mexico 
County,Sierra County,New Mexico 
County,Socorro County,New Mexico 
County,Taos County,New Mexico 
County,Torrance County,New Mexico 
County,Union County,New Mexico 
County,Valencia County,New Mexico 
County,Albany County,New York 
County,Allegany County,New York 
County,Bronx County,New York 
County,Broome County,New York 
County,Cattaraugus County,New York 
County,Cayuga County,New York 
County,Chautauqua County,New York 
County,Chemung County,New York 
County,Chenango County,New York 
County,Clinton County,New York 
County,Columbia County,New York 
County,Cortland County,New York 
County,Delaware County,New York 
County,Dutchess County,New York 
County,Erie County,New York 
County,Essex County,New York 
County,Franklin County,New York 
County,Fulton County,New York 
County,Genesee County,New York 
County,Greene County,New York 
County,Hamilton County,New York 
County,Herkimer County,New York 
County,Jefferson County,New York 
County,Kings County,New York 
County,Lewis County,New York 
County,Livingston County,New York 
County,Madison County,New York 
County,Monroe County,New York 
County,Montgomery County,New York 
County,Nassau County,New York 
County,New York County,New York 
County,Niagara County,New York 
County,Oneida County,New York 
County,Onondaga County,New York 
County,Ontario County,New York 
County,Orange County,New York 
County,Orleans County,New York 
County,Oswego County,New York 
County,Otsego County,New York 
County,Putnam County,New York 
County,Queens County,New York 
County,Rensselaer County,New York 
County,Richmond County,New York 
County,Rockland County,New York 
County,Saratoga County,New York 
County,Schenectady County,New York 
County,Schoharie County,New York 
County,Schuyler County,New York 
County,Seneca County,New York 
County,St. Lawrence County,New York 
County,Steuben County,New York 
County,Suffolk County,New York 
County,Sullivan County,New York 
County,Tioga County,New York 
County,Tompkins County,New York 
County,Ulster County,New York 
County,Warren County,New York 
County,Washington County,New York 
County,Wayne County,New York 
County,Westchester County,New York 
County,Wyoming County,New York 
County,Yates County,New York 
County,Alamance County,North Carolina 
County,Alexander County,North Carolina 
County,Alleghany County,North Carolina 
County,Anson County,North Carolina 
County,Ashe County,North Carolina 
County,Avery County,North Carolina 
County,Beaufort County,North Carolina 
County,Bertie County,North Carolina 
County,Bladen County,North Carolina 
County,Brunswick County,North Carolina 
County,Buncombe County,North Carolina 
County,Burke County,North Carolina 
County,Cabarrus County,North Carolina 
County,Caldwell County,North Carolina 
County,Camden County,North Carolina 
County,Carteret County,North Carolina 
County,Caswell County,North Carolina 
County,Catawba County,North Carolina 
County,Chatham County,North Carolina 
County,Cherokee County,North Carolina 
County,Chowan County,North Carolina 
County,Clay County,North Carolina 
County,Cleveland County,North Carolina 
County,Columbus County,North Carolina 
County,Craven County,North Carolina 
County,Cumberland County,North Carolina 
County,Currituck County,North Carolina 
County,Dare County,North Carolina 
County,Davidson County,North Carolina 
County,Davie County,North Carolina 
County,Duplin County,North Carolina 
County,Durham County,North Carolina 
County,Edgecombe County,North Carolina 
County,Forsyth County,North Carolina 
County,Franklin County,North Carolina 
County,Gaston County,North Carolina 
County,Gates County,North Carolina 
County,Graham County,North Carolina 
County,Granville County,North Carolina 
County,Greene County,North Carolina 
County,Guilford County,North Carolina 
County,Halifax County,North Carolina 
County,Harnett County,North Carolina 
County,Haywood County,North Carolina 
County,Henderson County,North Carolina 
County,Hertford County,North Carolina 
County,Hoke County,North Carolina 
County,Hyde County,North Carolina 
County,Iredell County,North Carolina 
County,Jackson County,North Carolina 
County,Johnston County,North Carolina 
County,Jones County,North Carolina 
County,Lee County,North Carolina 
County,Lenoir County,North Carolina 
County,Lincoln County,North Carolina 
County,Macon County,North Carolina 
County,Madison County,North Carolina 
County,Martin County,North Carolina 
County,McDowell County,North Carolina 
County,Mecklenburg County,North Carolina 
County,Mitchell County,North Carolina 
County,Montgomery County,North Carolina 
County,Moore County,North Carolina 
County,Nash County,North Carolina 
County,New Hanover County,North Carolina 
County,Northampton County,North Carolina 
County,Onslow County,North Carolina 
County,Orange County,North Carolina 
County,Pamlico County,North Carolina 
County,Pasquotank County,North Carolina 
County,Pender County,North Carolina 
County,Perquimans County,North Carolina 
County,Person County,North Carolina 
County,Pitt County,North Carolina 
County,Polk County,North Carolina 
County,Randolph County,North Carolina 
County,Richmond County,North Carolina 
County,Robeson County,North Carolina 
County,Rockingham County,North Carolina 
County,Rowan County,North Carolina 
County,Rutherford County,North Carolina 
County,Sampson County,North Carolina 
County,Scotland County,North Carolina 
County,Stanly County,North Carolina 
County,Stokes County,North Carolina 
County,Surry County,North Carolina 
County,Swain County,North Carolina 
County,Transylvania County,North Carolina 
County,Tyrrell County,North Carolina 
County,Union County,North Carolina 
County,Vance County,North Carolina 
County,Wake County,North Carolina 
County,Warren County,North Carolina 
County,Washington County,North Carolina 
County,Watauga County,North Carolina 
County,Wayne County,North Carolina 
County,Wilkes County,North Carolina 
County,Wilson County,North Carolina 
County,Yadkin County,North Carolina 
County,Yancey County,North Carolina 
County,Adams County,North Dakota 
County,Barnes County,North Dakota 
County,Benson County,North Dakota 
County,Billings County,North Dakota 
County,Bottineau County,North Dakota 
County,Bowman County,North Dakota 
County,Burke County,North Dakota 
County,Burleigh County,North Dakota 
County,Cass County,North Dakota 
County,Cavalier County,North Dakota 
County,Dickey County,North Dakota 
County,Divide County,North Dakota 
County,Dunn County,North Dakota 
County,Eddy County,North Dakota 
County,Emmons County,North Dakota 
County,Foster County,North Dakota 
County,Golden Valley County,North Dakota 
County,Grand Forks County,North Dakota 
County,Grant County,North Dakota 
County,Griggs County,North Dakota 
County,Hettinger County,North Dakota 
County,Kidder County,North Dakota 
County,La Moure County,North Dakota 
County,Logan County,North Dakota 
County,McHenry County,North Dakota 
County,McIntosh County,North Dakota 
County,McKenzie County,North Dakota 
County,McLean County,North Dakota 
County,Mercer County,North Dakota 
County,Morton County,North Dakota 
County,Mountrail County,North Dakota 
County,Nelson County,North Dakota 
County,Oliver County,North Dakota 
County,Pembina County,North Dakota 
County,Pierce County,North Dakota 
County,Ramsey County,North Dakota 
County,Ransom County,North Dakota 
County,Renville County,North Dakota 
County,Richland County,North Dakota 
County,Rolette County,North Dakota 
County,Sargent County,North Dakota 
County,Sheridan County,North Dakota 
County,Sioux County,North Dakota 
County,Slope County,North Dakota 
County,Stark County,North Dakota 
County,Steele County,North Dakota 
County,Stutsman County,North Dakota 
County,Towner County,North Dakota 
County,Traill County,North Dakota 
County,Walsh County,North Dakota 
County,Ward County,North Dakota 
County,Wells County,North Dakota 
County,Williams County,North Dakota 
County,Adams County,Ohio 
County,Allen County,Ohio 
County,Ashland County,Ohio 
County,Ashtabula County,Ohio 
County,Athens County,Ohio 
County,Auglaize County,Ohio 
County,Belmont County,Ohio 
County,Brown County,Ohio 
County,Butler County,Ohio 
County,Carroll County,Ohio 
County,Champaign County,Ohio 
County,Clark County,Ohio 
County,Clermont County,Ohio 
County,Clinton County,Ohio 
County,Columbiana County,Ohio 
County,Coshocton County,Ohio 
County,Crawford County,Ohio 
County,Cuyahoga County,Ohio 
County,Darke County,Ohio 
County,Defiance County,Ohio 
County,Delaware County,Ohio 
County,Erie County,Ohio 
County,Fairfield County,Ohio 
County,Fayette County,Ohio 
County,Franklin County,Ohio 
County,Fulton County,Ohio 
County,Gallia County,Ohio 
County,Geauga County,Ohio 
County,Greene County,Ohio 
County,Guernsey County,Ohio 
County,Hamilton County,Ohio 
County,Hancock County,Ohio 
County,Hardin County,Ohio 
County,Harrison County,Ohio 
County,Henry County,Ohio 
County,Highland County,Ohio 
County,Hocking County,Ohio 
County,Holmes County,Ohio 
County,Huron County,Ohio 
County,Jackson County,Ohio 
County,Jefferson County,Ohio 
County,Knox County,Ohio 
County,Lake County,Ohio 
County,Lawrence County,Ohio 
County,Licking County,Ohio 
County,Logan County,Ohio 
County,Lorain County,Ohio 
County,Lucas County,Ohio 
County,Madison County,Ohio 
County,Mahoning County,Ohio 
County,Marion County,Ohio 
County,Medina County,Ohio 
County,Meigs County,Ohio 
County,Mercer County,Ohio 
County,Miami County,Ohio 
County,Monroe County,Ohio 
County,Montgomery County,Ohio 
County,Morgan County,Ohio 
County,Morrow County,Ohio 
County,Muskingum County,Ohio 
County,Noble County,Ohio 
County,Ottawa County,Ohio 
County,Paulding County,Ohio 
County,Perry County,Ohio 
County,Pickaway County,Ohio 
County,Pike County,Ohio 
County,Portage County,Ohio 
County,Preble County,Ohio 
County,Putnam County,Ohio 
County,Richland County,Ohio 
County,Ross County,Ohio 
County,Sandusky County,Ohio 
County,Scioto County,Ohio 
County,Seneca County,Ohio 
County,Shelby County,Ohio 
County,Stark County,Ohio 
County,Summit County,Ohio 
County,Trumbull County,Ohio 
County,Tuscarawas County,Ohio 
County,Union County,Ohio 
County,Van Wert County,Ohio 
County,Vinton County,Ohio 
County,Warren County,Ohio 
County,Washington County,Ohio 
County,Wayne County,Ohio 
County,Williams County,Ohio 
County,Wood County,Ohio 
County,Wyandot County,Ohio 
County,Adair County,Oklahoma 
County,Alfalfa County,Oklahoma 
County,Atoka County,Oklahoma 
County,Beaver County,Oklahoma 
County,Beckham County,Oklahoma 
County,Blaine County,Oklahoma 
County,Bryan County,Oklahoma 
County,Caddo County,Oklahoma 
County,Canadian County,Oklahoma 
County,Carter County,Oklahoma 
County,Cherokee County,Oklahoma 
County,Choctaw County,Oklahoma 
County,Cimarron County,Oklahoma 
County,Cleveland County,Oklahoma 
County,Coal County,Oklahoma 
County,Comanche County,Oklahoma 
County,Cotton County,Oklahoma 
County,Craig County,Oklahoma 
County,Creek County,Oklahoma 
County,Custer County,Oklahoma 
County,Delaware County,Oklahoma 
County,Dewey County,Oklahoma 
County,Ellis County,Oklahoma 
County,Garfield County,Oklahoma 
County,Garvin County,Oklahoma 
County,Grady County,Oklahoma 
County,Grant County,Oklahoma 
County,Greer County,Oklahoma 
County,Harmon County,Oklahoma 
County,Harper County,Oklahoma 
County,Haskell County,Oklahoma 
County,Hughes County,Oklahoma 
County,Jackson County,Oklahoma 
County,Jefferson County,Oklahoma 
County,Johnston County,Oklahoma 
County,Kay County,Oklahoma 
County,Kingfisher County,Oklahoma 
County,Kiowa County,Oklahoma 
County,Latimer County,Oklahoma 
County,Le Flore County,Oklahoma 
County,Lincoln County,Oklahoma 
County,Logan County,Oklahoma 
County,Love County,Oklahoma 
County,Major County,Oklahoma 
County,Marshall County,Oklahoma 
County,Mayes County,Oklahoma 
County,McClain County,Oklahoma 
County,McCurtain County,Oklahoma 
County,McIntosh County,Oklahoma 
County,Murray County,Oklahoma 
County,Muskogee County,Oklahoma 
County,Noble County,Oklahoma 
County,Nowata County,Oklahoma 
County,Okfuskee County,Oklahoma 
County,Oklahoma County,Oklahoma 
County,Okmulgee County,Oklahoma 
County,Osage County,Oklahoma 
County,Ottawa County,Oklahoma 
County,Pawnee County,Oklahoma 
County,Payne County,Oklahoma 
County,Pittsburg County,Oklahoma 
County,Pontotoc County,Oklahoma 
County,Pottawatomie County,Oklahoma 
County,Pushmataha County,Oklahoma 
County,Roger Mills County,Oklahoma 
County,Rogers County,Oklahoma 
County,Seminole County,Oklahoma 
County,Sequoyah County,Oklahoma 
County,Stephens County,Oklahoma 
County,Texas County,Oklahoma 
County,Tillman County,Oklahoma 
County,Tulsa County,Oklahoma 
County,Wagoner County,Oklahoma 
County,Washington County,Oklahoma 
County,Washita County,Oklahoma 
County,Woods County,Oklahoma 
County,Woodward County,Oklahoma 
County,Baker County,Oregon 
County,Benton County,Oregon 
County,Clackamas County,Oregon 
County,Clatsop County,Oregon 
County,Columbia County,Oregon 
County,Coos County,Oregon 
County,Crook County,Oregon 
County,Curry County,Oregon 
County,Deschutes County,Oregon 
County,Douglas County,Oregon 
County,Gilliam County,Oregon 
County,Grant County,Oregon 
County,Harney County,Oregon 
County,Hood River County,Oregon 
County,Jackson County,Oregon 
County,Jefferson County,Oregon 
County,Josephine County,Oregon 
County,Klamath County,Oregon 
County,Lake County,Oregon 
County,Lane County,Oregon 
County,Lincoln County,Oregon 
County,Linn County,Oregon 
County,Malheur County,Oregon 
County,Marion County,Oregon 
County,Morrow County,Oregon 
County,Multnomah County,Oregon 
County,Polk County,Oregon 
County,Sherman County,Oregon 
County,Tillamook County,Oregon 
County,Umatilla County,Oregon 
County,Union County,Oregon 
County,Wallowa County,Oregon 
County,Wasco County,Oregon 
County,Washington County,Oregon 
County,Wheeler County,Oregon 
County,Yamhill County,Oregon 
County,Adams County,Pennsylvania 
County,Allegheny County,Pennsylvania 
County,Armstrong County,Pennsylvania 
County,Beaver County,Pennsylvania 
County,Bedford County,Pennsylvania 
County,Berks County,Pennsylvania 
County,Blair County,Pennsylvania 
County,Bradford County,Pennsylvania 
County,Bucks County,Pennsylvania 
County,Butler County,Pennsylvania 
County,Cambria County,Pennsylvania 
County,Cameron County,Pennsylvania 
County,Carbon County,Pennsylvania 
County,Centre County,Pennsylvania 
County,Chester County,Pennsylvania 
County,Clarion County,Pennsylvania 
County,Clearfield County,Pennsylvania 
County,Clinton County,Pennsylvania 
County,Columbia County,Pennsylvania 
County,Crawford County,Pennsylvania 
County,Cumberland County,Pennsylvania 
County,Dauphin County,Pennsylvania 
County,Delaware County,Pennsylvania 
County,Elk County,Pennsylvania 
County,Erie County,Pennsylvania 
County,Fayette County,Pennsylvania 
County,Forest County,Pennsylvania 
County,Franklin County,Pennsylvania 
County,Fulton County,Pennsylvania 
County,Greene County,Pennsylvania 
County,Huntingdon County,Pennsylvania 
County,Indiana County,Pennsylvania 
County,Jefferson County,Pennsylvania 
County,Juniata County,Pennsylvania 
County,Lackawanna County,Pennsylvania 
County,Lancaster County,Pennsylvania 
County,Lawrence County,Pennsylvania 
County,Lebanon County,Pennsylvania 
County,Lehigh County,Pennsylvania 
County,Luzerne County,Pennsylvania 
County,Lycoming County,Pennsylvania 
County,McKean County,Pennsylvania 
County,Mercer County,Pennsylvania 
County,Mifflin County,Pennsylvania 
County,Monroe County,Pennsylvania 
County,Montgomery County,Pennsylvania 
County,Montour County,Pennsylvania 
County,Northampton County,Pennsylvania 
County,Northumberland County,Pennsylvania 
County,Perry County,Pennsylvania 
County,Philadelphia County,Pennsylvania 
County,Pike County,Pennsylvania 
County,Potter County,Pennsylvania 
County,Schuylkill County,Pennsylvania 
County,Snyder County,Pennsylvania 
County,Somerset County,Pennsylvania 
County,Sullivan County,Pennsylvania 
County,Susquehanna County,Pennsylvania 
County,Tioga County,Pennsylvania 
County,Union County,Pennsylvania 
County,Venango County,Pennsylvania 
County,Warren County,Pennsylvania 
County,Washington County,Pennsylvania 
County,Wayne County,Pennsylvania 
County,Westmoreland County,Pennsylvania 
County,Wyoming County,Pennsylvania 
County,York County,Pennsylvania 
County,Bristol County,Rhode Island 
County,Kent County,Rhode Island 
County,Newport County,Rhode Island 
County,Providence County,Rhode Island 
County,Washington County,Rhode Island 
County,Abbeville County,South Carolina 
County,Aiken County,South Carolina 
County,Allendale County,South Carolina 
County,Anderson County,South Carolina 
County,Bamberg County,South Carolina 
County,Barnwell County,South Carolina 
County,Beaufort County,South Carolina 
County,Berkeley County,South Carolina 
County,Calhoun County,South Carolina 
County,Charleston County,South Carolina 
County,Cherokee County,South Carolina 
County,Chester County,South Carolina 
County,Chesterfield County,South Carolina 
County,Clarendon County,South Carolina 
County,Colleton County,South Carolina 
County,Darlington County,South Carolina 
County,Dillon County,South Carolina 
County,Dorchester County,South Carolina 
County,Edgefield County,South Carolina 
County,Fairfield County,South Carolina 
County,Florence County,South Carolina 
County,Georgetown County,South Carolina 
County,Greenville County,South Carolina 
County,Greenwood County,South Carolina 
County,Hampton County,South Carolina 
County,Horry County,South Carolina 
County,Jasper County,South Carolina 
County,Kershaw County,South Carolina 
County,Lancaster County,South Carolina 
County,Laurens County,South Carolina 
County,Lee County,South Carolina 
County,Lexington County,South Carolina 
County,Marion County,South Carolina 
County,Marlboro County,South Carolina 
County,McCormick County,South Carolina 
County,Newberry County,South Carolina 
County,Oconee County,South Carolina 
County,Orangeburg County,South Carolina 
County,Pickens County,South Carolina 
County,Richland County,South Carolina 
County,Saluda County,South Carolina 
County,Spartanburg County,South Carolina 
County,Sumter County,South Carolina 
County,Union County,South Carolina 
County,Williamsburg County,South Carolina 
County,York County,South Carolina 
County,Aurora County,South Dakota 
County,Beadle County,South Dakota 
County,Bennett County,South Dakota 
County,Bon Homme County,South Dakota 
County,Brookings County,South Dakota 
County,Brown County,South Dakota 
County,Brule County,South Dakota 
County,Buffalo County,South Dakota 
County,Butte County,South Dakota 
County,Campbell County,South Dakota 
County,Charles Mix County,South Dakota 
County,Clark County,South Dakota 
County,Clay County,South Dakota 
County,Codington County,South Dakota 
County,Corson County,South Dakota 
County,Custer County,South Dakota 
County,Davison County,South Dakota 
County,Day County,South Dakota 
County,Deuel County,South Dakota 
County,Dewey County,South Dakota 
County,Douglas County,South Dakota 
County,Edmunds County,South Dakota 
County,Fall River County,South Dakota 
County,Faulk County,South Dakota 
County,Grant County,South Dakota 
County,Gregory County,South Dakota 
County,Haakon County,South Dakota 
County,Hamlin County,South Dakota 
County,Hand County,South Dakota 
County,Hanson County,South Dakota 
County,Harding County,South Dakota 
County,Hughes County,South Dakota 
County,Hutchinson County,South Dakota 
County,Hyde County,South Dakota 
County,Jackson County,South Dakota 
County,Jerauld County,South Dakota 
County,Jones County,South Dakota 
County,Kingsbury County,South Dakota 
County,Lake County,South Dakota 
County,Lawrence County,South Dakota 
County,Lincoln County,South Dakota 
County,Lyman County,South Dakota 
County,Marshall County,South Dakota 
County,McCook County,South Dakota 
County,McPherson County,South Dakota 
County,Meade County,South Dakota 
County,Mellette County,South Dakota 
County,Miner County,South Dakota 
County,Minnehaha County,South Dakota 
County,Moody County,South Dakota 
County,Pennington County,South Dakota 
County,Perkins County,South Dakota 
County,Potter County,South Dakota 
County,Roberts County,South Dakota 
County,Sanborn County,South Dakota 
County,Shannon County,South Dakota 
County,Spink County,South Dakota 
County,Stanley County,South Dakota 
County,Sully County,South Dakota 
County,Todd County,South Dakota 
County,Tripp County,South Dakota 
County,Turner County,South Dakota 
County,Union County,South Dakota 
County,Walworth County,South Dakota 
County,Yankton County,South Dakota 
County,Ziebach County,South Dakota 
County,Anderson County,Tennessee 
County,Bedford County,Tennessee 
County,Benton County,Tennessee 
County,Bledsoe County,Tennessee 
County,Blount County,Tennessee 
County,Bradley County,Tennessee 
County,Campbell County,Tennessee 
County,Cannon County,Tennessee 
County,Carroll County,Tennessee 
County,Carter County,Tennessee 
County,Cheatham County,Tennessee 
County,Chester County,Tennessee 
County,Claiborne County,Tennessee 
County,Clay County,Tennessee 
County,Cocke County,Tennessee 
County,Coffee County,Tennessee 
County,Crockett County,Tennessee 
County,Cumberland County,Tennessee 
County,Davidson County,Tennessee 
County,DeKalb County,Tennessee 
County,Decatur County,Tennessee 
County,Dickson County,Tennessee 
County,Dyer County,Tennessee 
County,Fayette County,Tennessee 
County,Fentress County,Tennessee 
County,Franklin County,Tennessee 
County,Gibson County,Tennessee 
County,Giles County,Tennessee 
County,Grainger County,Tennessee 
County,Greene County,Tennessee 
County,Grundy County,Tennessee 
County,Hamblen County,Tennessee 
County,Hamilton County,Tennessee 
County,Hancock County,Tennessee 
County,Hardeman County,Tennessee 
County,Hardin County,Tennessee 
County,Hawkins County,Tennessee 
County,Haywood County,Tennessee 
County,Henderson County,Tennessee 
County,Henry County,Tennessee 
County,Hickman County,Tennessee 
County,Houston County,Tennessee 
County,Humphreys County,Tennessee 
County,Jackson County,Tennessee 
County,Jefferson County,Tennessee 
County,Johnson County,Tennessee 
County,Knox County,Tennessee 
County,Lake County,Tennessee 
County,Lauderdale County,Tennessee 
County,Lawrence County,Tennessee 
County,Lewis County,Tennessee 
County,Lincoln County,Tennessee 
County,Loudon County,Tennessee 
County,Macon County,Tennessee 
County,Madison County,Tennessee 
County,Marion County,Tennessee 
County,Marshall County,Tennessee 
County,Maury County,Tennessee 
County,McMinn County,Tennessee 
County,McNairy County,Tennessee 
County,Meigs County,Tennessee 
County,Monroe County,Tennessee 
County,Montgomery County,Tennessee 
County,Moore County,Tennessee 
County,Morgan County,Tennessee 
County,Obion County,Tennessee 
County,Overton County,Tennessee 
County,Perry County,Tennessee 
County,Pickett County,Tennessee 
County,Polk County,Tennessee 
County,Putnam County,Tennessee 
County,Rhea County,Tennessee 
County,Roane County,Tennessee 
County,Robertson County,Tennessee 
County,Rutherford County,Tennessee 
County,Scott County,Tennessee 
County,Sequatchie County,Tennessee 
County,Sevier County,Tennessee 
County,Shelby County,Tennessee 
County,Smith County,Tennessee 
County,Stewart County,Tennessee 
County,Sullivan County,Tennessee 
County,Sumner County,Tennessee 
County,Tipton County,Tennessee 
County,Trousdale County,Tennessee 
County,Unicoi County,Tennessee 
County,Union County,Tennessee 
County,Van Buren County,Tennessee 
County,Warren County,Tennessee 
County,Washington County,Tennessee 
County,Wayne County,Tennessee 
County,Weakley County,Tennessee 
County,White County,Tennessee 
County,Williamson County,Tennessee 
County,Wilson County,Tennessee 
County,Anderson County,Texas 
County,Andrews County,Texas 
County,Angelina County,Texas 
County,Aransas County,Texas 
County,Archer County,Texas 
County,Armstrong County,Texas 
County,Atascosa County,Texas 
County,Austin County,Texas 
County,Bailey County,Texas 
County,Bandera County,Texas 
County,Bastrop County,Texas 
County,Baylor County,Texas 
County,Bee County,Texas 
County,Bell County,Texas 
County,Bexar County,Texas 
County,Blanco County,Texas 
County,Borden County,Texas 
County,Bosque County,Texas 
County,Bowie County,Texas 
County,Brazoria County,Texas 
County,Brazos County,Texas 
County,Brewster County,Texas 
County,Briscoe County,Texas 
County,Brooks County,Texas 
County,Brown County,Texas 
County,Burleson County,Texas 
County,Burnet County,Texas 
County,Caldwell County,Texas 
County,Calhoun County,Texas 
County,Callahan County,Texas 
County,Cameron County,Texas 
County,Camp County,Texas 
County,Carson County,Texas 
County,Cass County,Texas 
County,Castro County,Texas 
County,Chambers County,Texas 
County,Cherokee County,Texas 
County,Childress County,Texas 
County,Clay County,Texas 
County,Cochran County,Texas 
County,Coke County,Texas 
County,Coleman County,Texas 
County,Collin County,Texas 
County,Collingsworth County,Texas 
County,Colorado County,Texas 
County,Comal County,Texas 
County,Comanche County,Texas 
County,Concho County,Texas 
County,Cooke County,Texas 
County,Coryell County,Texas 
County,Cottle County,Texas 
County,Crane County,Texas 
County,Crockett County,Texas 
County,Crosby County,Texas 
County,Culberson County,Texas 
County,Dallam County,Texas 
County,Dallas County,Texas 
County,Dawson County,Texas 
County,DeWitt County,Texas 
County,Deaf Smith County,Texas 
County,Delta County,Texas 
County,Denton County,Texas 
County,Dickens County,Texas 
County,Dimmit County,Texas 
County,Donley County,Texas 
County,Duval County,Texas 
County,Eastland County,Texas 
County,Ector County,Texas 
County,Edwards County,Texas 
County,El Paso County,Texas 
County,Ellis County,Texas 
County,Erath County,Texas 
County,Falls County,Texas 
County,Fannin County,Texas 
County,Fayette County,Texas 
County,Fisher County,Texas 
County,Floyd County,Texas 
County,Foard County,Texas 
County,Fort Bend County,Texas 
County,Franklin County,Texas 
County,Freestone County,Texas 
County,Frio County,Texas 
County,Gaines County,Texas 
County,Galveston County,Texas 
County,Garza County,Texas 
County,Gillespie County,Texas 
County,Glasscock County,Texas 
County,Goliad County,Texas 
County,Gonzales County,Texas 
County,Gray County,Texas 
County,Grayson County,Texas 
County,Gregg County,Texas 
County,Grimes County,Texas 
County,Guadalupe County,Texas 
County,Hale County,Texas 
County,Hall County,Texas 
County,Hamilton County,Texas 
County,Hansford County,Texas 
County,Hardeman County,Texas 
County,Hardin County,Texas 
County,Harris County,Texas 
County,Harrison County,Texas 
County,Hartley County,Texas 
County,Haskell County,Texas 
County,Hays County,Texas 
County,Hemphill County,Texas 
County,Henderson County,Texas 
County,Hidalgo County,Texas 
County,Hill County,Texas 
County,Hockley County,Texas 
County,Hood County,Texas 
County,Hopkins County,Texas 
County,Houston County,Texas 
County,Howard County,Texas 
County,Hudspeth County,Texas 
County,Hunt County,Texas 
County,Hutchinson County,Texas 
County,Irion County,Texas 
County,Jack County,Texas 
County,Jackson County,Texas 
County,Jasper County,Texas 
County,Jeff Davis County,Texas 
County,Jefferson County,Texas 
County,Jim Hogg County,Texas 
County,Jim Wells County,Texas 
County,Johnson County,Texas 
County,Jones County,Texas 
County,Karnes County,Texas 
County,Kaufman County,Texas 
County,Kendall County,Texas 
County,Kenedy County,Texas 
County,Kent County,Texas 
County,Kerr County,Texas 
County,Kimble County,Texas 
County,King County,Texas 
County,Kinney County,Texas 
County,Kleberg County,Texas 
County,Knox County,Texas 
County,La Salle County,Texas 
County,Lamar County,Texas 
County,Lamb County,Texas 
County,Lampasas County,Texas 
County,Lavaca County,Texas 
County,Lee County,Texas 
County,Leon County,Texas 
County,Liberty County,Texas 
County,Limestone County,Texas 
County,Lipscomb County,Texas 
County,Live Oak County,Texas 
County,Llano County,Texas 
County,Loving County,Texas 
County,Lubbock County,Texas 
County,Lynn County,Texas 
County,Madison County,Texas 
County,Marion County,Texas 
County,Martin County,Texas 
County,Mason County,Texas 
County,Matagorda County,Texas 
County,Maverick County,Texas 
County,McCulloch County,Texas 
County,McLennan County,Texas 
County,McMullen County,Texas 
County,Medina County,Texas 
County,Menard County,Texas 
County,Midland County,Texas 
County,Milam County,Texas 
County,Mills County,Texas 
County,Mitchell County,Texas 
County,Montague County,Texas 
County,Montgomery County,Texas 
County,Moore County,Texas 
County,Morris County,Texas 
County,Motley County,Texas 
County,Nacogdoches County,Texas 
County,Navarro County,Texas 
County,Newton County,Texas 
County,Nolan County,Texas 
County,Nueces County,Texas 
County,Ochiltree County,Texas 
County,Oldham County,Texas 
County,Orange County,Texas 
County,Palo Pinto County,Texas 
County,Panola County,Texas 
County,Parker County,Texas 
County,Parmer County,Texas 
County,Pecos County,Texas 
County,Polk County,Texas 
County,Potter County,Texas 
County,Presidio County,Texas 
County,Rains County,Texas 
County,Randall County,Texas 
County,Reagan County,Texas 
County,Real County,Texas 
County,Red River County,Texas 
County,Reeves County,Texas 
County,Refugio County,Texas 
County,Roberts County,Texas 
County,Robertson County,Texas 
County,Rockwall County,Texas 
County,Runnels County,Texas 
County,Rusk County,Texas 
County,Sabine County,Texas 
County,San Augustine County,Texas 
County,San Jacinto County,Texas 
County,San Patricio County,Texas 
County,San Saba County,Texas 
County,Schleicher County,Texas 
County,Scurry County,Texas 
County,Shackelford County,Texas 
County,Shelby County,Texas 
County,Sherman County,Texas 
County,Smith County,Texas 
County,Somervell County,Texas 
County,Starr County,Texas 
County,Stephens County,Texas 
County,Sterling County,Texas 
County,Stonewall County,Texas 
County,Sutton County,Texas 
County,Swisher County,Texas 
County,Tarrant County,Texas 
County,Taylor County,Texas 
County,Terrell County,Texas 
County,Terry County,Texas 
County,Throckmorton County,Texas 
County,Titus County,Texas 
County,Tom Green County,Texas 
County,Travis County,Texas 
County,Trinity County,Texas 
County,Tyler County,Texas 
County,Upshur County,Texas 
County,Upton County,Texas 
County,Uvalde County,Texas 
County,Val Verde County,Texas 
County,Van Zandt County,Texas 
County,Victoria County,Texas 
County,Walker County,Texas 
County,Waller County,Texas 
County,Ward County,Texas 
County,Washington County,Texas 
County,Webb County,Texas 
County,Wharton County,Texas 
County,Wheeler County,Texas 
County,Wichita County,Texas 
County,Wilbarger County,Texas 
County,Willacy County,Texas 
County,Williamson County,Texas 
County,Wilson County,Texas 
County,Winkler County,Texas 
County,Wise County,Texas 
County,Wood County,Texas 
County,Yoakum County,Texas 
County,Young County,Texas 
County,Zapata County,Texas 
County,Zavala County,Texas 
County,Beaver County,Utah 
County,Box Elder County,Utah 
County,Cache County,Utah 
County,Carbon County,Utah 
County,Daggett County,Utah 
County,Davis County,Utah 
County,Duchesne County,Utah 
County,Emery County,Utah 
County,Garfield County,Utah 
County,Grand County,Utah 
County,Iron County,Utah 
County,Juab County,Utah 
County,Kane County,Utah 
County,Millard County,Utah 
County,Morgan County,Utah 
County,Piute County,Utah 
County,Rich County,Utah 
County,Salt Lake County,Utah 
County,San Juan County,Utah 
County,Sanpete County,Utah 
County,Sevier County,Utah 
County,Summit County,Utah 
County,Tooele County,Utah 
County,Uintah County,Utah 
County,Utah County,Utah 
County,Wasatch County,Utah 
County,Washington County,Utah 
County,Wayne County,Utah 
County,Weber County,Utah 
County,Addison County,Vermont 
County,Bennington County,Vermont 
County,Caledonia County,Vermont 
County,Chittenden County,Vermont 
County,Essex County,Vermont 
County,Franklin County,Vermont 
County,Grand Isle County,Vermont 
County,Lamoille County,Vermont 
County,Orange County,Vermont 
County,Orleans County,Vermont 
County,Rutland County,Vermont 
County,Washington County,Vermont 
County,Windham County,Vermont 
County,Windsor County,Vermont 
County,Accomack County,Virginia 
County,Albemarle County,Virginia 
County,Alleghany County,Virginia 
County,Amelia County,Virginia 
County,Amherst County,Virginia 
County,Appomattox County,Virginia 
County,Arlington County,Virginia 
County,Augusta County,Virginia 
County,Bath County,Virginia 
County,Bedford County,Virginia 
County,Bland County,Virginia 
County,Botetourt County,Virginia 
County,Brunswick County,Virginia 
County,Buchanan County,Virginia 
County,Buckingham County,Virginia 
County,Campbell County,Virginia 
County,Caroline County,Virginia 
County,Carroll County,Virginia 
County,Charles City County,Virginia 
County,Charlotte County,Virginia 
County,Chesterfield County,Virginia 
County,Clarke County,Virginia 
County,Craig County,Virginia 
County,Culpeper County,Virginia 
County,Cumberland County,Virginia 
County,Dickenson County,Virginia 
County,Dinwiddie County,Virginia 
County,Essex County,Virginia 
County,Fairfax County,Virginia 
County,Fauquier County,Virginia 
County,Floyd County,Virginia 
County,Fluvanna County,Virginia 
County,Franklin County,Virginia 
County,Frederick County,Virginia 
County,Giles County,Virginia 
County,Gloucester County,Virginia 
County,Goochland County,Virginia 
County,Grayson County,Virginia 
County,Greene County,Virginia 
County,Greensville County,Virginia 
County,Halifax County,Virginia 
County,Hanover County,Virginia 
County,Henrico County,Virginia 
County,Henry County,Virginia 
County,Highland County,Virginia 
County,Isle of Wight County,Virginia 
County,James City County,Virginia 
County,King George County,Virginia 
County,King William County,Virginia 
County,King and Queen County,Virginia 
County,Lancaster County,Virginia 
County,Lee County,Virginia 
County,Loudoun County,Virginia 
County,Louisa County,Virginia 
County,Lunenburg County,Virginia 
County,Madison County,Virginia 
County,Mathews County,Virginia 
County,Mecklenburg County,Virginia 
County,Middlesex County,Virginia 
County,Montgomery County,Virginia 
County,Nelson County,Virginia 
County,New Kent County,Virginia 
County,Northampton County,Virginia 
County,Northumberland County,Virginia 
County,Nottoway County,Virginia 
County,Orange County,Virginia 
County,Page County,Virginia 
County,Patrick County,Virginia 
County,Pittsylvania County,Virginia 
County,Powhatan County,Virginia 
County,Prince Edward County,Virginia 
County,Prince George County,Virginia 
County,Prince William County,Virginia 
County,Pulaski County,Virginia 
County,Rappahannock County,Virginia 
County,Richmond County,Virginia 
County,Roanoke County,Virginia 
County,Rockbridge County,Virginia 
County,Rockingham County,Virginia 
County,Russell County,Virginia 
County,Scott County,Virginia 
County,Shenandoah County,Virginia 
County,Smyth County,Virginia 
County,Southampton County,Virginia 
County,Spotsylvania County,Virginia 
County,Stafford County,Virginia 
County,Surry County,Virginia 
County,Sussex County,Virginia 
County,Tazewell County,Virginia 
County,Warren County,Virginia 
County,Washington County,Virginia 
County,Westmoreland County,Virginia 
County,Wise County,Virginia 
County,Wythe County,Virginia 
County,York County,Virginia 
County,Adams County,Washington 
County,Asotin County,Washington 
County,Benton County,Washington 
County,Chelan County,Washington 
County,Clallam County,Washington 
County,Clark County,Washington 
County,Columbia County,Washington 
County,Cowlitz County,Washington 
County,Douglas County,Washington 
County,Ferry County,Washington 
County,Franklin County,Washington 
County,Garfield County,Washington 
County,Grant County,Washington 
County,Grays Harbor County,Washington 
County,Island County,Washington 
County,Jefferson County,Washington 
County,King County,Washington 
County,Kitsap County,Washington 
County,Kittitas County,Washington 
County,Klickitat County,Washington 
County,Lewis County,Washington 
County,Lincoln County,Washington 
County,Mason County,Washington 
County,Okanogan County,Washington 
County,Pacific County,Washington 
County,Pend Oreille County,Washington 
County,Pierce County,Washington 
County,San Juan County,Washington 
County,Skagit County,Washington 
County,Skamania County,Washington 
County,Snohomish County,Washington 
County,Spokane County,Washington 
County,Stevens County,Washington 
County,Thurston County,Washington 
County,Wahkiakum County,Washington 
County,Walla Walla County,Washington 
County,Whatcom County,Washington 
County,Whitman County,Washington 
County,Yakima County,Washington 
County,Barbour County,West Virginia 
County,Berkeley County,West Virginia 
County,Boone County,West Virginia 
County,Braxton County,West Virginia 
County,Brooke County,West Virginia 
County,Cabell County,West Virginia 
County,Calhoun County,West Virginia 
County,Clay County,West Virginia 
County,Doddridge County,West Virginia 
County,Fayette County,West Virginia 
County,Gilmer County,West Virginia 
County,Grant County,West Virginia 
County,Greenbrier County,West Virginia 
County,Hampshire County,West Virginia 
County,Hancock County,West Virginia 
County,Hardy County,West Virginia 
County,Harrison County,West Virginia 
County,Jackson County,West Virginia 
County,Jefferson County,West Virginia 
County,Kanawha County,West Virginia 
County,Lewis County,West Virginia 
County,Lincoln County,West Virginia 
County,Logan County,West Virginia 
County,Marion County,West Virginia 
County,Marshall County,West Virginia 
County,Mason County,West Virginia 
County,McDowell County,West Virginia 
County,Mercer County,West Virginia 
County,Mineral County,West Virginia 
County,Mingo County,West Virginia 
County,Monongalia County,West Virginia 
County,Monroe County,West Virginia 
County,Morgan County,West Virginia 
County,Nicholas County,West Virginia 
County,Ohio County,West Virginia 
County,Pendleton County,West Virginia 
County,Pleasants County,West Virginia 
County,Pocahontas County,West Virginia 
County,Preston County,West Virginia 
County,Putnam County,West Virginia 
County,Raleigh County,West Virginia 
County,Randolph County,West Virginia 
County,Ritchie County,West Virginia 
County,Roane County,West Virginia 
County,Summers County,West Virginia 
County,Taylor County,West Virginia 
County,Tucker County,West Virginia 
County,Tyler County,West Virginia 
County,Upshur County,West Virginia 
County,Wayne County,West Virginia 
County,Webster County,West Virginia 
County,Wetzel County,West Virginia 
County,Wirt County,West Virginia 
County,Wood County,West Virginia 
County,Wyoming County,West Virginia 
County,Adams County,Wisconsin 
County,Ashland County,Wisconsin 
County,Barron County,Wisconsin 
County,Bayfield County,Wisconsin 
County,Brown County,Wisconsin 
County,Buffalo County,Wisconsin 
County,Burnett County,Wisconsin 
County,Calumet County,Wisconsin 
County,Chippewa County,Wisconsin 
County,Clark County,Wisconsin 
County,Columbia County,Wisconsin 
County,Crawford County,Wisconsin 
County,Dane County,Wisconsin 
County,Dodge County,Wisconsin 
County,Door County,Wisconsin 
County,Douglas County,Wisconsin 
County,Dunn County,Wisconsin 
County,Eau Claire County,Wisconsin 
County,Florence County,Wisconsin 
County,Fond du Lac County,Wisconsin 
County,Forest County,Wisconsin 
County,Grant County,Wisconsin 
County,Green County,Wisconsin 
County,Green Lake County,Wisconsin 
County,Iowa County,Wisconsin 
County,Iron County,Wisconsin 
County,Jackson County,Wisconsin 
County,Jefferson County,Wisconsin 
County,Juneau County,Wisconsin 
County,Kenosha County,Wisconsin 
County,Kewaunee County,Wisconsin 
County,La Crosse County,Wisconsin 
County,Lafayette County,Wisconsin 
County,Langlade County,Wisconsin 
County,Lincoln County,Wisconsin 
County,Manitowoc County,Wisconsin 
County,Marathon County,Wisconsin 
County,Marinette County,Wisconsin 
County,Marquette County,Wisconsin 
County,Menominee County,Wisconsin 
County,Milwaukee County,Wisconsin 
County,Monroe County,Wisconsin 
County,Oconto County,Wisconsin 
County,Oneida County,Wisconsin 
County,Outagamie County,Wisconsin 
County,Ozaukee County,Wisconsin 
County,Pepin County,Wisconsin 
County,Pierce County,Wisconsin 
County,Polk County,Wisconsin 
County,Portage County,Wisconsin 
County,Price County,Wisconsin 
County,Racine County,Wisconsin 
County,Richland County,Wisconsin 
County,Rock County,Wisconsin 
County,Rusk County,Wisconsin 
County,Sauk County,Wisconsin 
County,Sawyer County,Wisconsin 
County,Shawano County,Wisconsin 
County,Sheboygan County,Wisconsin 
County,St. Croix County,Wisconsin 
County,Taylor County,Wisconsin 
County,Trempealeau County,Wisconsin 
County,Vernon County,Wisconsin 
County,Vilas County,Wisconsin 
County,Walworth County,Wisconsin 
County,Washburn County,Wisconsin 
County,Washington County,Wisconsin 
County,Waukesha County,Wisconsin 
County,Waupaca County,Wisconsin 
County,Waushara County,Wisconsin 
County,Winnebago County,Wisconsin 
County,Wood County,Wisconsin 
County,Albany County,Wyoming 
County,Big Horn County,Wyoming 
County,Campbell County,Wyoming 
County,Carbon County,Wyoming 
County,Converse County,Wyoming 
County,Crook County,Wyoming 
County,Fremont County,Wyoming 
County,Goshen County,Wyoming 
County,Hot Springs County,Wyoming 
County,Johnson County,Wyoming 
County,Laramie County,Wyoming 
County,Lincoln County,Wyoming 
County,Natrona County,Wyoming 
County,Niobrara County,Wyoming 
County,Park County,Wyoming 
County,Platte County,Wyoming 
County,Sheridan County,Wyoming 
County,Sublette County,Wyoming 
County,Sweetwater County,Wyoming 
County,Teton County,Wyoming 
County,Uinta County,Wyoming 
County,Washakie County,Wyoming 
County,Weston County,Wyoming 
